; ### Marlin IS Calibration Zeta/Damping Factor X Pattern ###
; -------------------------------------------
;
; Printer: Chimera iXY
; Created: Sat Oct 18 2025 10:46:26 GMT-0400 (Eastern Daylight Time)
;
; Settings Printer:
; Filament Diameter = 1.75 mm
; Nozzle Temperature = 245 °C
; Bed Temperature = 65 °C
; Nozzle Diameter = 0.5 mm
; Layer Height = 0.2 mm
; Fan Speed = 0 %
; Z-axis Offset = 0 mm
; Retraction = 7 mm
;
; Settings Print Bed:
; Bed Size X = 230 mm
; Bed Size Y = 230 mm
;
; Settings Speed:
; Printing Speed = 40 mm/s
; Movement Speed = 100 mm/s
; Retraction Speed = 40 mm/s
; Printing Deceleration = 500 mm/s^2
; Jerk =  pattern default
; Junction Deviation =  pattern default
;
; Settings Pattern:
; Max X Frequency = 60 Hz
; Max Y Frequency = 60 Hz
;
; Settings Advance:
; Bed leveling = 0
; Extrusion Multiplier = 1
;
; prepare printing
;
M501 ; Load settings from EEPROM
M205 S0 T0 ; minimum extruding and travel feed rate
G21 ; Millimeter units
G90 ; Absolute XYZ
G28 ; Home all axes

G1 Z10 F100 ; Z raise
M104 S245 ; Set nozzle temperature (no wait)
M190 S65 ; Set bed temperature (wait)
M109 S245 ; Wait for nozzle temp

G92 E0 ; Reset extruder distance
M900 K0 ; Linear advance off
M106 S0 ; Fan speed
; draw anchor lines
G0 X0.000 Y263.327 Z2.00 E0.00 F6000.0
G0 X0.000 Y263.327 Z0.20 E0.00 F600.0
; unretract
G1 E7.00 F2400.0
G1 X-100.692 Y162.635 Z0.20 E12.92 F2400.0
G1 X0.000 Y61.943 Z0.20 E18.84 F2400.0

G1 X3.536 Y65.478 Z0.20 E19.05
M593 Y D0.05
M203 X500 Y500 ; maximum feedrates
M204 P10000 ; print acceleration
M201 X10000 Y10000 ; max acceleration
M205 X500.00 Y500.00 ; jerk limits very high
M205 J0.3 ; junction deviation maximum
G1 X3.889 Y66.539 Z0.20 E19.09 F67.1
G1 X4.950 Y66.892 Z0.20 E19.14 F134.2
G1 X5.303 Y67.953 Z0.20 E19.19 F201.2
G1 X6.364 Y68.307 Z0.20 E19.23 F268.3
G1 X6.718 Y69.367 Z0.20 E19.28 F335.4
G1 X7.778 Y69.721 Z0.20 E19.33 F402.5
G1 X8.132 Y70.781 Z0.20 E19.37 F469.6
G1 X9.192 Y71.135 Z0.20 E19.42 F536.7
G1 X9.546 Y72.196 Z0.20 E19.47 F603.7
G1 X10.607 Y72.549 Z0.20 E19.51 F670.8
G1 X10.960 Y73.610 Z0.20 E19.56 F737.9
G1 X12.021 Y73.963 Z0.20 E19.61 F805.0
G1 X12.374 Y75.024 Z0.20 E19.65 F872.1
G1 X13.435 Y75.378 Z0.20 E19.70 F939.1
G1 X13.789 Y76.438 Z0.20 E19.75 F1006.2
G1 X14.849 Y76.792 Z0.20 E19.79 F1073.3
G1 X15.203 Y77.852 Z0.20 E19.84 F1140.4
G1 X16.263 Y78.206 Z0.20 E19.89 F1207.5
G1 X16.617 Y79.267 Z0.20 E19.93 F1274.6
G1 X17.678 Y79.620 Z0.20 E19.98 F1341.6
G1 X18.031 Y80.681 Z0.20 E20.02 F1408.7
G1 X19.092 Y81.034 Z0.20 E20.07 F1475.8
G1 X19.445 Y82.095 Z0.20 E20.12 F1542.9
G1 X20.506 Y82.449 Z0.20 E20.16 F1610.0
G1 X20.860 Y83.509 Z0.20 E20.21 F1677.1
G1 X21.920 Y83.863 Z0.20 E20.26 F1744.1
G1 X22.274 Y84.924 Z0.20 E20.30 F1811.2
G1 X23.335 Y85.277 Z0.20 E20.35 F1878.3
G1 X23.688 Y86.338 Z0.20 E20.40 F1945.4
G1 X24.749 Y86.691 Z0.20 E20.44 F2012.5
G1 X25.102 Y87.752 Z0.20 E20.49 F2079.5
G1 X26.163 Y88.106 Z0.20 E20.54 F2146.6
G1 X26.517 Y89.166 Z0.20 E20.58 F2213.7
G1 X27.577 Y89.520 Z0.20 E20.63 F2280.8
G1 X27.931 Y90.580 Z0.20 E20.68 F2347.9
G1 X28.991 Y90.934 Z0.20 E20.72 F2415.0
G1 X29.345 Y91.995 Z0.20 E20.77 F2482.0
G1 X30.406 Y92.348 Z0.20 E20.81 F2549.1
G1 X30.759 Y93.409 Z0.20 E20.86 F2616.2
G1 X31.820 Y93.762 Z0.20 E20.91 F2683.3
G1 X32.173 Y94.823 Z0.20 E20.95 F2750.4
G1 X33.234 Y95.177 Z0.20 E21.00 F2817.4
G1 X33.588 Y96.237 Z0.20 E21.05 F2884.5
G1 X34.648 Y96.591 Z0.20 E21.09 F2951.6
G1 X35.002 Y97.651 Z0.20 E21.14 F3018.7
G1 X36.062 Y98.005 Z0.20 E21.19 F3085.8
G1 X36.416 Y99.066 Z0.20 E21.23 F3152.9
G1 X37.477 Y99.419 Z0.20 E21.28 F3219.9
G1 X37.830 Y100.480 Z0.20 E21.33 F3287.0
G1 X38.891 Y100.833 Z0.20 E21.37 F3354.1
G1 X39.244 Y101.894 Z0.20 E21.42 F3421.2
G1 X40.305 Y102.248 Z0.20 E21.47 F3488.3
G1 X40.659 Y103.308 Z0.20 E21.51 F3555.3
G1 X41.719 Y103.662 Z0.20 E21.56 F3622.4
G1 X42.073 Y104.723 Z0.20 E21.61 F3689.5
G1 X43.134 Y105.076 Z0.20 E21.65 F3756.6
G1 X43.487 Y106.137 Z0.20 E21.70 F3823.7
G1 X44.548 Y106.490 Z0.20 E21.74 F3890.8
G1 X44.901 Y107.551 Z0.20 E21.79 F3957.8
G1 X45.962 Y107.904 Z0.20 E21.84 F4024.9
G1 X46.315 Y108.965 Z0.20 E21.88 F4092.0
G1 X47.376 Y109.319 Z0.20 E21.93 F4159.1
G1 X47.730 Y110.379 Z0.20 E21.98 F4226.2
G1 X48.790 Y110.733 Z0.20 E22.02 F4293.3
G1 X49.144 Y111.794 Z0.20 E22.07 F4360.3
G1 X50.205 Y112.147 Z0.20 E22.12 F4427.4
G1 X50.558 Y113.208 Z0.20 E22.16 F4494.5
G1 X51.619 Y113.561 Z0.20 E22.21 F4561.6
G1 X51.972 Y114.622 Z0.20 E22.26 F4628.7
G1 X53.033 Y114.976 Z0.20 E22.30 F4695.7
G1 X53.387 Y116.036 Z0.20 E22.35 F4762.8
G1 X54.447 Y116.390 Z0.20 E22.40 F4829.9
G1 X54.801 Y117.450 Z0.20 E22.44 F4897.0
G1 X55.861 Y117.804 Z0.20 E22.49 F4964.1
G1 X56.215 Y118.865 Z0.20 E22.53 F5031.2
G1 X57.276 Y119.218 Z0.20 E22.58 F5098.2
G1 X57.629 Y120.279 Z0.20 E22.63 F5165.3
G1 X58.690 Y120.632 Z0.20 E22.67 F5232.4
G1 X59.043 Y121.693 Z0.20 E22.72 F5299.5
G1 X60.104 Y122.047 Z0.20 E22.77 F5366.6
G1 X60.458 Y123.107 Z0.20 E22.81 F5433.6
G1 X61.518 Y123.461 Z0.20 E22.86 F5500.7
G1 X61.872 Y124.522 Z0.20 E22.91 F5567.8
G1 X62.933 Y124.875 Z0.20 E22.95 F5634.9
G1 X63.286 Y125.936 Z0.20 E23.00 F5702.0
G1 X64.347 Y126.289 Z0.20 E23.05 F5769.1
G1 X64.700 Y127.350 Z0.20 E23.09 F5836.1
G1 X65.761 Y127.703 Z0.20 E23.14 F5903.2
G1 X66.114 Y128.764 Z0.20 E23.19 F5970.3
G1 X67.175 Y129.118 Z0.20 E23.23 F6037.4
G1 X67.529 Y130.178 Z0.20 E23.28 F6104.5
G1 X68.589 Y130.532 Z0.20 E23.32 F6171.5
G1 X68.943 Y131.593 Z0.20 E23.37 F6238.6
G1 X70.004 Y131.946 Z0.20 E23.42 F6305.7
G1 X70.357 Y133.007 Z0.20 E23.46 F6372.8
G1 X71.418 Y133.360 Z0.20 E23.51 F6439.9
G1 X71.771 Y134.421 Z0.20 E23.56 F6507.0
G1 X72.832 Y134.775 Z0.20 E23.60 F6574.0
G1 X73.186 Y135.835 Z0.20 E23.65 F6641.1
G1 X74.246 Y136.189 Z0.20 E23.70 F6708.2
G1 X74.600 Y137.249 Z0.20 E23.74 F6775.3
G1 X75.660 Y137.603 Z0.20 E23.79 F6842.4
G1 X76.014 Y138.664 Z0.20 E23.84 F6909.5
G1 X77.075 Y139.017 Z0.20 E23.88 F6976.5
G1 X77.428 Y140.078 Z0.20 E23.93 F7043.6
G1 X78.489 Y140.431 Z0.20 E23.98 F7110.7
G1 X78.842 Y141.492 Z0.20 E24.02 F7177.8
G1 X79.903 Y141.846 Z0.20 E24.07 F7244.9
G1 X80.257 Y142.906 Z0.20 E24.12 F7311.9
G1 X81.317 Y143.260 Z0.20 E24.16 F7379.0
G1 X81.671 Y144.320 Z0.20 E24.21 F7446.1
G1 X82.731 Y144.674 Z0.20 E24.25 F7513.2
G1 X83.085 Y145.735 Z0.20 E24.30 F7580.3
G1 X84.146 Y146.088 Z0.20 E24.35 F7647.4
G1 X84.499 Y147.149 Z0.20 E24.39 F7714.4
G1 X85.560 Y147.502 Z0.20 E24.44 F7781.5
G1 X85.913 Y148.563 Z0.20 E24.49 F7848.6
G1 X86.974 Y148.917 Z0.20 E24.53 F7915.7
G1 X87.328 Y149.977 Z0.20 E24.58 F7982.8
G1 X88.388 Y150.331 Z0.20 E24.63 F8049.8
M201 X500 Y500
G1 X98.571 Y160.513 Z0.20 E25.23

G0 X95.035 Y164.049 Z0.20 E25.23 F6000.0
M593 Y D0.10
G1 X84.853 Y153.866 Z0.20 E25.82 F8049.8
M203 X500 Y500 ; maximum feedrates
M204 P10000 ; print acceleration
M201 X10000 Y10000 ; max acceleration
M205 X500.00 Y500.00 ; jerk limits very high
M205 J0.3 ; junction deviation maximum
G1 X83.792 Y153.513 Z0.20 E25.87 F8049.8
G1 X83.439 Y152.452 Z0.20 E25.92 F7982.8
G1 X82.378 Y152.099 Z0.20 E25.96 F7915.7
G1 X82.024 Y151.038 Z0.20 E26.01 F7848.6
G1 X80.964 Y150.684 Z0.20 E26.06 F7781.5
G1 X80.610 Y149.624 Z0.20 E26.10 F7714.4
G1 X79.550 Y149.270 Z0.20 E26.15 F7647.4
G1 X79.196 Y148.210 Z0.20 E26.20 F7580.3
G1 X78.135 Y147.856 Z0.20 E26.24 F7513.2
G1 X77.782 Y146.795 Z0.20 E26.29 F7446.1
G1 X76.721 Y146.442 Z0.20 E26.34 F7379.0
G1 X76.368 Y145.381 Z0.20 E26.38 F7311.9
G1 X75.307 Y145.028 Z0.20 E26.43 F7244.9
G1 X74.953 Y143.967 Z0.20 E26.47 F7177.8
G1 X73.893 Y143.613 Z0.20 E26.52 F7110.7
G1 X73.539 Y142.553 Z0.20 E26.57 F7043.6
G1 X72.478 Y142.199 Z0.20 E26.61 F6976.5
G1 X72.125 Y141.139 Z0.20 E26.66 F6909.5
G1 X71.064 Y140.785 Z0.20 E26.71 F6842.4
G1 X70.711 Y139.724 Z0.20 E26.75 F6775.3
G1 X69.650 Y139.371 Z0.20 E26.80 F6708.2
G1 X69.296 Y138.310 Z0.20 E26.85 F6641.1
G1 X68.236 Y137.957 Z0.20 E26.89 F6574.0
G1 X67.882 Y136.896 Z0.20 E26.94 F6507.0
G1 X66.822 Y136.542 Z0.20 E26.99 F6439.9
G1 X66.468 Y135.482 Z0.20 E27.03 F6372.8
G1 X65.407 Y135.128 Z0.20 E27.08 F6305.7
G1 X65.054 Y134.067 Z0.20 E27.13 F6238.6
G1 X63.993 Y133.714 Z0.20 E27.17 F6171.5
G1 X63.640 Y132.653 Z0.20 E27.22 F6104.5
G1 X62.579 Y132.300 Z0.20 E27.26 F6037.4
G1 X62.225 Y131.239 Z0.20 E27.31 F5970.3
G1 X61.165 Y130.885 Z0.20 E27.36 F5903.2
G1 X60.811 Y129.825 Z0.20 E27.40 F5836.1
G1 X59.751 Y129.471 Z0.20 E27.45 F5769.1
G1 X59.397 Y128.411 Z0.20 E27.50 F5702.0
G1 X58.336 Y128.057 Z0.20 E27.54 F5634.9
G1 X57.983 Y126.996 Z0.20 E27.59 F5567.8
G1 X56.922 Y126.643 Z0.20 E27.64 F5500.7
G1 X56.569 Y125.582 Z0.20 E27.68 F5433.6
G1 X55.508 Y125.229 Z0.20 E27.73 F5366.6
G1 X55.154 Y124.168 Z0.20 E27.78 F5299.5
G1 X54.094 Y123.814 Z0.20 E27.82 F5232.4
G1 X53.740 Y122.754 Z0.20 E27.87 F5165.3
G1 X52.679 Y122.400 Z0.20 E27.92 F5098.2
G1 X52.326 Y121.340 Z0.20 E27.96 F5031.2
G1 X51.265 Y120.986 Z0.20 E28.01 F4964.1
G1 X50.912 Y119.925 Z0.20 E28.05 F4897.0
G1 X49.851 Y119.572 Z0.20 E28.10 F4829.9
G1 X49.497 Y118.511 Z0.20 E28.15 F4762.8
G1 X48.437 Y118.158 Z0.20 E28.19 F4695.7
G1 X48.083 Y117.097 Z0.20 E28.24 F4628.7
G1 X47.023 Y116.743 Z0.20 E28.29 F4561.6
G1 X46.669 Y115.683 Z0.20 E28.33 F4494.5
G1 X45.608 Y115.329 Z0.20 E28.38 F4427.4
G1 X45.255 Y114.268 Z0.20 E28.43 F4360.3
G1 X44.194 Y113.915 Z0.20 E28.47 F4293.3
G1 X43.841 Y112.854 Z0.20 E28.52 F4226.2
G1 X42.780 Y112.501 Z0.20 E28.57 F4159.1
G1 X42.426 Y111.440 Z0.20 E28.61 F4092.0
G1 X41.366 Y111.086 Z0.20 E28.66 F4024.9
G1 X41.012 Y110.026 Z0.20 E28.71 F3957.8
G1 X39.952 Y109.672 Z0.20 E28.75 F3890.8
G1 X39.598 Y108.612 Z0.20 E28.80 F3823.7
G1 X38.537 Y108.258 Z0.20 E28.85 F3756.6
G1 X38.184 Y107.197 Z0.20 E28.89 F3689.5
G1 X37.123 Y106.844 Z0.20 E28.94 F3622.4
G1 X36.770 Y105.783 Z0.20 E28.98 F3555.3
G1 X35.709 Y105.430 Z0.20 E29.03 F3488.3
G1 X35.355 Y104.369 Z0.20 E29.08 F3421.2
G1 X34.295 Y104.015 Z0.20 E29.12 F3354.1
G1 X33.941 Y102.955 Z0.20 E29.17 F3287.0
G1 X32.880 Y102.601 Z0.20 E29.22 F3219.9
G1 X32.527 Y101.541 Z0.20 E29.26 F3152.9
G1 X31.466 Y101.187 Z0.20 E29.31 F3085.8
G1 X31.113 Y100.126 Z0.20 E29.36 F3018.7
G1 X30.052 Y99.773 Z0.20 E29.40 F2951.6
G1 X29.698 Y98.712 Z0.20 E29.45 F2884.5
G1 X28.638 Y98.359 Z0.20 E29.50 F2817.4
G1 X28.284 Y97.298 Z0.20 E29.54 F2750.4
G1 X27.224 Y96.944 Z0.20 E29.59 F2683.3
G1 X26.870 Y95.884 Z0.20 E29.64 F2616.2
G1 X25.809 Y95.530 Z0.20 E29.68 F2549.1
G1 X25.456 Y94.469 Z0.20 E29.73 F2482.0
G1 X24.395 Y94.116 Z0.20 E29.77 F2415.0
G1 X24.042 Y93.055 Z0.20 E29.82 F2347.9
G1 X22.981 Y92.702 Z0.20 E29.87 F2280.8
G1 X22.627 Y91.641 Z0.20 E29.91 F2213.7
G1 X21.567 Y91.287 Z0.20 E29.96 F2146.6
G1 X21.213 Y90.227 Z0.20 E30.01 F2079.5
G1 X20.153 Y89.873 Z0.20 E30.05 F2012.5
G1 X19.799 Y88.813 Z0.20 E30.10 F1945.4
G1 X18.738 Y88.459 Z0.20 E30.15 F1878.3
G1 X18.385 Y87.398 Z0.20 E30.19 F1811.2
G1 X17.324 Y87.045 Z0.20 E30.24 F1744.1
G1 X16.971 Y85.984 Z0.20 E30.29 F1677.1
G1 X15.910 Y85.631 Z0.20 E30.33 F1610.0
G1 X15.556 Y84.570 Z0.20 E30.38 F1542.9
G1 X14.496 Y84.216 Z0.20 E30.43 F1475.8
G1 X14.142 Y83.156 Z0.20 E30.47 F1408.7
G1 X13.081 Y82.802 Z0.20 E30.52 F1341.6
G1 X12.728 Y81.742 Z0.20 E30.56 F1274.6
G1 X11.667 Y81.388 Z0.20 E30.61 F1207.5
G1 X11.314 Y80.327 Z0.20 E30.66 F1140.4
G1 X10.253 Y79.974 Z0.20 E30.70 F1073.3
G1 X9.899 Y78.913 Z0.20 E30.75 F1006.2
G1 X8.839 Y78.560 Z0.20 E30.80 F939.1
G1 X8.485 Y77.499 Z0.20 E30.84 F872.1
G1 X7.425 Y77.145 Z0.20 E30.89 F805.0
G1 X7.071 Y76.085 Z0.20 E30.94 F737.9
G1 X6.010 Y75.731 Z0.20 E30.98 F670.8
G1 X5.657 Y74.670 Z0.20 E31.03 F603.7
G1 X4.596 Y74.317 Z0.20 E31.08 F536.7
G1 X4.243 Y73.256 Z0.20 E31.12 F469.6
G1 X3.182 Y72.903 Z0.20 E31.17 F402.5
G1 X2.828 Y71.842 Z0.20 E31.22 F335.4
G1 X1.768 Y71.488 Z0.20 E31.26 F268.3
G1 X1.414 Y70.428 Z0.20 E31.31 F201.2
G1 X0.354 Y70.074 Z0.20 E31.36 F134.2
G1 X0.000 Y69.014 Z0.20 E31.40 F67.1
M201 X500 Y500
G0 X-3.536 Y72.549 Z0.20 E31.40 F6000.0
M593 Y D0.15
M203 X500 Y500 ; maximum feedrates
M204 P10000 ; print acceleration
M201 X10000 Y10000 ; max acceleration
M205 X500.00 Y500.00 ; jerk limits very high
M205 J0.3 ; junction deviation maximum
G1 X-3.182 Y73.610 Z0.20 E31.45 F67.1
G1 X-2.121 Y73.963 Z0.20 E31.49 F134.2
G1 X-1.768 Y75.024 Z0.20 E31.54 F201.2
G1 X-0.707 Y75.378 Z0.20 E31.59 F268.3
G1 X-0.354 Y76.438 Z0.20 E31.63 F335.4
G1 X0.707 Y76.792 Z0.20 E31.68 F402.5
G1 X1.061 Y77.852 Z0.20 E31.73 F469.6
G1 X2.121 Y78.206 Z0.20 E31.77 F536.7
G1 X2.475 Y79.267 Z0.20 E31.82 F603.7
G1 X3.536 Y79.620 Z0.20 E31.87 F670.8
G1 X3.889 Y80.681 Z0.20 E31.91 F737.9
G1 X4.950 Y81.034 Z0.20 E31.96 F805.0
G1 X5.303 Y82.095 Z0.20 E32.01 F872.1
G1 X6.364 Y82.449 Z0.20 E32.05 F939.1
G1 X6.718 Y83.509 Z0.20 E32.10 F1006.2
G1 X7.778 Y83.863 Z0.20 E32.15 F1073.3
G1 X8.132 Y84.924 Z0.20 E32.19 F1140.4
G1 X9.192 Y85.277 Z0.20 E32.24 F1207.5
G1 X9.546 Y86.338 Z0.20 E32.28 F1274.6
G1 X10.607 Y86.691 Z0.20 E32.33 F1341.6
G1 X10.960 Y87.752 Z0.20 E32.38 F1408.7
G1 X12.021 Y88.106 Z0.20 E32.42 F1475.8
G1 X12.374 Y89.166 Z0.20 E32.47 F1542.9
G1 X13.435 Y89.520 Z0.20 E32.52 F1610.0
G1 X13.789 Y90.580 Z0.20 E32.56 F1677.1
G1 X14.849 Y90.934 Z0.20 E32.61 F1744.1
G1 X15.203 Y91.995 Z0.20 E32.66 F1811.2
G1 X16.263 Y92.348 Z0.20 E32.70 F1878.3
G1 X16.617 Y93.409 Z0.20 E32.75 F1945.4
G1 X17.678 Y93.762 Z0.20 E32.80 F2012.5
G1 X18.031 Y94.823 Z0.20 E32.84 F2079.5
G1 X19.092 Y95.177 Z0.20 E32.89 F2146.6
G1 X19.445 Y96.237 Z0.20 E32.94 F2213.7
G1 X20.506 Y96.591 Z0.20 E32.98 F2280.8
G1 X20.860 Y97.651 Z0.20 E33.03 F2347.9
G1 X21.920 Y98.005 Z0.20 E33.08 F2415.0
G1 X22.274 Y99.066 Z0.20 E33.12 F2482.0
G1 X23.335 Y99.419 Z0.20 E33.17 F2549.1
G1 X23.688 Y100.480 Z0.20 E33.21 F2616.2
G1 X24.749 Y100.833 Z0.20 E33.26 F2683.3
G1 X25.102 Y101.894 Z0.20 E33.31 F2750.4
G1 X26.163 Y102.248 Z0.20 E33.35 F2817.4
G1 X26.517 Y103.308 Z0.20 E33.40 F2884.5
G1 X27.577 Y103.662 Z0.20 E33.45 F2951.6
G1 X27.931 Y104.723 Z0.20 E33.49 F3018.7
G1 X28.991 Y105.076 Z0.20 E33.54 F3085.8
G1 X29.345 Y106.137 Z0.20 E33.59 F3152.9
G1 X30.406 Y106.490 Z0.20 E33.63 F3219.9
G1 X30.759 Y107.551 Z0.20 E33.68 F3287.0
G1 X31.820 Y107.904 Z0.20 E33.73 F3354.1
G1 X32.173 Y108.965 Z0.20 E33.77 F3421.2
G1 X33.234 Y109.319 Z0.20 E33.82 F3488.3
G1 X33.588 Y110.379 Z0.20 E33.87 F3555.3
G1 X34.648 Y110.733 Z0.20 E33.91 F3622.4
G1 X35.002 Y111.794 Z0.20 E33.96 F3689.5
G1 X36.062 Y112.147 Z0.20 E34.00 F3756.6
G1 X36.416 Y113.208 Z0.20 E34.05 F3823.7
G1 X37.477 Y113.561 Z0.20 E34.10 F3890.8
G1 X37.830 Y114.622 Z0.20 E34.14 F3957.8
G1 X38.891 Y114.976 Z0.20 E34.19 F4024.9
G1 X39.244 Y116.036 Z0.20 E34.24 F4092.0
G1 X40.305 Y116.390 Z0.20 E34.28 F4159.1
G1 X40.659 Y117.450 Z0.20 E34.33 F4226.2
G1 X41.719 Y117.804 Z0.20 E34.38 F4293.3
G1 X42.073 Y118.865 Z0.20 E34.42 F4360.3
G1 X43.134 Y119.218 Z0.20 E34.47 F4427.4
G1 X43.487 Y120.279 Z0.20 E34.52 F4494.5
G1 X44.548 Y120.632 Z0.20 E34.56 F4561.6
G1 X44.901 Y121.693 Z0.20 E34.61 F4628.7
G1 X45.962 Y122.047 Z0.20 E34.66 F4695.7
G1 X46.315 Y123.107 Z0.20 E34.70 F4762.8
G1 X47.376 Y123.461 Z0.20 E34.75 F4829.9
G1 X47.730 Y124.522 Z0.20 E34.79 F4897.0
G1 X48.790 Y124.875 Z0.20 E34.84 F4964.1
G1 X49.144 Y125.936 Z0.20 E34.89 F5031.2
G1 X50.205 Y126.289 Z0.20 E34.93 F5098.2
G1 X50.558 Y127.350 Z0.20 E34.98 F5165.3
G1 X51.619 Y127.703 Z0.20 E35.03 F5232.4
G1 X51.972 Y128.764 Z0.20 E35.07 F5299.5
G1 X53.033 Y129.118 Z0.20 E35.12 F5366.6
G1 X53.387 Y130.178 Z0.20 E35.17 F5433.6
G1 X54.447 Y130.532 Z0.20 E35.21 F5500.7
G1 X54.801 Y131.593 Z0.20 E35.26 F5567.8
G1 X55.861 Y131.946 Z0.20 E35.31 F5634.9
G1 X56.215 Y133.007 Z0.20 E35.35 F5702.0
G1 X57.276 Y133.360 Z0.20 E35.40 F5769.1
G1 X57.629 Y134.421 Z0.20 E35.45 F5836.1
G1 X58.690 Y134.775 Z0.20 E35.49 F5903.2
G1 X59.043 Y135.835 Z0.20 E35.54 F5970.3
G1 X60.104 Y136.189 Z0.20 E35.59 F6037.4
G1 X60.458 Y137.249 Z0.20 E35.63 F6104.5
G1 X61.518 Y137.603 Z0.20 E35.68 F6171.5
G1 X61.872 Y138.664 Z0.20 E35.72 F6238.6
G1 X62.933 Y139.017 Z0.20 E35.77 F6305.7
G1 X63.286 Y140.078 Z0.20 E35.82 F6372.8
G1 X64.347 Y140.431 Z0.20 E35.86 F6439.9
G1 X64.700 Y141.492 Z0.20 E35.91 F6507.0
G1 X65.761 Y141.846 Z0.20 E35.96 F6574.0
G1 X66.114 Y142.906 Z0.20 E36.00 F6641.1
G1 X67.175 Y143.260 Z0.20 E36.05 F6708.2
G1 X67.529 Y144.320 Z0.20 E36.10 F6775.3
G1 X68.589 Y144.674 Z0.20 E36.14 F6842.4
G1 X68.943 Y145.735 Z0.20 E36.19 F6909.5
G1 X70.004 Y146.088 Z0.20 E36.24 F6976.5
G1 X70.357 Y147.149 Z0.20 E36.28 F7043.6
G1 X71.418 Y147.502 Z0.20 E36.33 F7110.7
G1 X71.771 Y148.563 Z0.20 E36.38 F7177.8
G1 X72.832 Y148.917 Z0.20 E36.42 F7244.9
G1 X73.186 Y149.977 Z0.20 E36.47 F7311.9
G1 X74.246 Y150.331 Z0.20 E36.51 F7379.0
G1 X74.600 Y151.392 Z0.20 E36.56 F7446.1
G1 X75.660 Y151.745 Z0.20 E36.61 F7513.2
G1 X76.014 Y152.806 Z0.20 E36.65 F7580.3
G1 X77.075 Y153.159 Z0.20 E36.70 F7647.4
G1 X77.428 Y154.220 Z0.20 E36.75 F7714.4
G1 X78.489 Y154.574 Z0.20 E36.79 F7781.5
G1 X78.842 Y155.634 Z0.20 E36.84 F7848.6
G1 X79.903 Y155.988 Z0.20 E36.89 F7915.7
G1 X80.257 Y157.048 Z0.20 E36.93 F7982.8
G1 X81.317 Y157.402 Z0.20 E36.98 F8049.8
M201 X500 Y500
G1 X91.500 Y167.584 Z0.20 E37.58

G0 X87.964 Y171.120 Z0.20 E37.58 F6000.0
M593 Y D0.20
G1 X77.782 Y160.938 Z0.20 E38.18 F8049.8
M203 X500 Y500 ; maximum feedrates
M204 P10000 ; print acceleration
M201 X10000 Y10000 ; max acceleration
M205 X500.00 Y500.00 ; jerk limits very high
M205 J0.3 ; junction deviation maximum
G1 X76.721 Y160.584 Z0.20 E38.22 F8049.8
G1 X76.368 Y159.523 Z0.20 E38.27 F7982.8
G1 X75.307 Y159.170 Z0.20 E38.32 F7915.7
G1 X74.953 Y158.109 Z0.20 E38.36 F7848.6
G1 X73.893 Y157.756 Z0.20 E38.41 F7781.5
G1 X73.539 Y156.695 Z0.20 E38.46 F7714.4
G1 X72.478 Y156.341 Z0.20 E38.50 F7647.4
G1 X72.125 Y155.281 Z0.20 E38.55 F7580.3
G1 X71.064 Y154.927 Z0.20 E38.60 F7513.2
G1 X70.711 Y153.866 Z0.20 E38.64 F7446.1
G1 X69.650 Y153.513 Z0.20 E38.69 F7379.0
G1 X69.296 Y152.452 Z0.20 E38.73 F7311.9
G1 X68.236 Y152.099 Z0.20 E38.78 F7244.9
G1 X67.882 Y151.038 Z0.20 E38.83 F7177.8
G1 X66.822 Y150.684 Z0.20 E38.87 F7110.7
G1 X66.468 Y149.624 Z0.20 E38.92 F7043.6
G1 X65.407 Y149.270 Z0.20 E38.97 F6976.5
G1 X65.054 Y148.210 Z0.20 E39.01 F6909.5
G1 X63.993 Y147.856 Z0.20 E39.06 F6842.4
G1 X63.640 Y146.795 Z0.20 E39.11 F6775.3
G1 X62.579 Y146.442 Z0.20 E39.15 F6708.2
G1 X62.225 Y145.381 Z0.20 E39.20 F6641.1
G1 X61.165 Y145.028 Z0.20 E39.25 F6574.0
G1 X60.811 Y143.967 Z0.20 E39.29 F6507.0
G1 X59.751 Y143.613 Z0.20 E39.34 F6439.9
G1 X59.397 Y142.553 Z0.20 E39.39 F6372.8
G1 X58.336 Y142.199 Z0.20 E39.43 F6305.7
G1 X57.983 Y141.139 Z0.20 E39.48 F6238.6
G1 X56.922 Y140.785 Z0.20 E39.52 F6171.5
G1 X56.569 Y139.724 Z0.20 E39.57 F6104.5
G1 X55.508 Y139.371 Z0.20 E39.62 F6037.4
G1 X55.154 Y138.310 Z0.20 E39.66 F5970.3
G1 X54.094 Y137.957 Z0.20 E39.71 F5903.2
G1 X53.740 Y136.896 Z0.20 E39.76 F5836.1
G1 X52.679 Y136.542 Z0.20 E39.80 F5769.1
G1 X52.326 Y135.482 Z0.20 E39.85 F5702.0
G1 X51.265 Y135.128 Z0.20 E39.90 F5634.9
G1 X50.912 Y134.067 Z0.20 E39.94 F5567.8
G1 X49.851 Y133.714 Z0.20 E39.99 F5500.7
G1 X49.497 Y132.653 Z0.20 E40.04 F5433.6
G1 X48.437 Y132.300 Z0.20 E40.08 F5366.6
G1 X48.083 Y131.239 Z0.20 E40.13 F5299.5
G1 X47.023 Y130.885 Z0.20 E40.18 F5232.4
G1 X46.669 Y129.825 Z0.20 E40.22 F5165.3
G1 X45.608 Y129.471 Z0.20 E40.27 F5098.2
G1 X45.255 Y128.411 Z0.20 E40.32 F5031.2
G1 X44.194 Y128.057 Z0.20 E40.36 F4964.1
G1 X43.841 Y126.996 Z0.20 E40.41 F4897.0
G1 X42.780 Y126.643 Z0.20 E40.45 F4829.9
G1 X42.426 Y125.582 Z0.20 E40.50 F4762.8
G1 X41.366 Y125.229 Z0.20 E40.55 F4695.7
G1 X41.012 Y124.168 Z0.20 E40.59 F4628.7
G1 X39.952 Y123.814 Z0.20 E40.64 F4561.6
G1 X39.598 Y122.754 Z0.20 E40.69 F4494.5
G1 X38.537 Y122.400 Z0.20 E40.73 F4427.4
G1 X38.184 Y121.340 Z0.20 E40.78 F4360.3
G1 X37.123 Y120.986 Z0.20 E40.83 F4293.3
G1 X36.770 Y119.925 Z0.20 E40.87 F4226.2
G1 X35.709 Y119.572 Z0.20 E40.92 F4159.1
G1 X35.355 Y118.511 Z0.20 E40.97 F4092.0
G1 X34.295 Y118.158 Z0.20 E41.01 F4024.9
G1 X33.941 Y117.097 Z0.20 E41.06 F3957.8
G1 X32.880 Y116.743 Z0.20 E41.11 F3890.8
G1 X32.527 Y115.683 Z0.20 E41.15 F3823.7
G1 X31.466 Y115.329 Z0.20 E41.20 F3756.6
G1 X31.113 Y114.268 Z0.20 E41.24 F3689.5
G1 X30.052 Y113.915 Z0.20 E41.29 F3622.4
G1 X29.698 Y112.854 Z0.20 E41.34 F3555.3
G1 X28.638 Y112.501 Z0.20 E41.38 F3488.3
G1 X28.284 Y111.440 Z0.20 E41.43 F3421.2
G1 X27.224 Y111.086 Z0.20 E41.48 F3354.1
G1 X26.870 Y110.026 Z0.20 E41.52 F3287.0
G1 X25.809 Y109.672 Z0.20 E41.57 F3219.9
G1 X25.456 Y108.612 Z0.20 E41.62 F3152.9
G1 X24.395 Y108.258 Z0.20 E41.66 F3085.8
G1 X24.042 Y107.197 Z0.20 E41.71 F3018.7
G1 X22.981 Y106.844 Z0.20 E41.76 F2951.6
G1 X22.627 Y105.783 Z0.20 E41.80 F2884.5
G1 X21.567 Y105.430 Z0.20 E41.85 F2817.4
G1 X21.213 Y104.369 Z0.20 E41.90 F2750.4
G1 X20.153 Y104.015 Z0.20 E41.94 F2683.3
G1 X19.799 Y102.955 Z0.20 E41.99 F2616.2
G1 X18.738 Y102.601 Z0.20 E42.03 F2549.1
G1 X18.385 Y101.541 Z0.20 E42.08 F2482.0
G1 X17.324 Y101.187 Z0.20 E42.13 F2415.0
G1 X16.971 Y100.126 Z0.20 E42.17 F2347.9
G1 X15.910 Y99.773 Z0.20 E42.22 F2280.8
G1 X15.556 Y98.712 Z0.20 E42.27 F2213.7
G1 X14.496 Y98.359 Z0.20 E42.31 F2146.6
G1 X14.142 Y97.298 Z0.20 E42.36 F2079.5
G1 X13.081 Y96.944 Z0.20 E42.41 F2012.5
G1 X12.728 Y95.884 Z0.20 E42.45 F1945.4
G1 X11.667 Y95.530 Z0.20 E42.50 F1878.3
G1 X11.314 Y94.469 Z0.20 E42.55 F1811.2
G1 X10.253 Y94.116 Z0.20 E42.59 F1744.1
G1 X9.899 Y93.055 Z0.20 E42.64 F1677.1
G1 X8.839 Y92.702 Z0.20 E42.69 F1610.0
G1 X8.485 Y91.641 Z0.20 E42.73 F1542.9
G1 X7.425 Y91.287 Z0.20 E42.78 F1475.8
G1 X7.071 Y90.227 Z0.20 E42.83 F1408.7
G1 X6.010 Y89.873 Z0.20 E42.87 F1341.6
G1 X5.657 Y88.813 Z0.20 E42.92 F1274.6
G1 X4.596 Y88.459 Z0.20 E42.96 F1207.5
G1 X4.243 Y87.398 Z0.20 E43.01 F1140.4
G1 X3.182 Y87.045 Z0.20 E43.06 F1073.3
G1 X2.828 Y85.984 Z0.20 E43.10 F1006.2
G1 X1.768 Y85.631 Z0.20 E43.15 F939.1
G1 X1.414 Y84.570 Z0.20 E43.20 F872.1
G1 X0.354 Y84.216 Z0.20 E43.24 F805.0
G1 X0.000 Y83.156 Z0.20 E43.29 F737.9
G1 X-1.061 Y82.802 Z0.20 E43.34 F670.8
G1 X-1.414 Y81.742 Z0.20 E43.38 F603.7
G1 X-2.475 Y81.388 Z0.20 E43.43 F536.7
G1 X-2.828 Y80.327 Z0.20 E43.48 F469.6
G1 X-3.889 Y79.974 Z0.20 E43.52 F402.5
G1 X-4.243 Y78.913 Z0.20 E43.57 F335.4
G1 X-5.303 Y78.560 Z0.20 E43.62 F268.3
G1 X-5.657 Y77.499 Z0.20 E43.66 F201.2
G1 X-6.718 Y77.145 Z0.20 E43.71 F134.2
G1 X-7.071 Y76.085 Z0.20 E43.75 F67.1
M201 X500 Y500
G0 X-10.607 Y79.620 Z0.20 E43.75 F6000.0
M593 Y D0.25
M203 X500 Y500 ; maximum feedrates
M204 P10000 ; print acceleration
M201 X10000 Y10000 ; max acceleration
M205 X500.00 Y500.00 ; jerk limits very high
M205 J0.3 ; junction deviation maximum
G1 X-10.253 Y80.681 Z0.20 E43.80 F67.1
G1 X-9.192 Y81.034 Z0.20 E43.85 F134.2
G1 X-8.839 Y82.095 Z0.20 E43.89 F201.2
G1 X-7.778 Y82.449 Z0.20 E43.94 F268.3
G1 X-7.425 Y83.509 Z0.20 E43.99 F335.4
G1 X-6.364 Y83.863 Z0.20 E44.03 F402.5
G1 X-6.010 Y84.924 Z0.20 E44.08 F469.6
G1 X-4.950 Y85.277 Z0.20 E44.13 F536.7
G1 X-4.596 Y86.338 Z0.20 E44.17 F603.7
G1 X-3.536 Y86.691 Z0.20 E44.22 F670.8
G1 X-3.182 Y87.752 Z0.20 E44.27 F737.9
G1 X-2.121 Y88.106 Z0.20 E44.31 F805.0
G1 X-1.768 Y89.166 Z0.20 E44.36 F872.1
G1 X-0.707 Y89.520 Z0.20 E44.41 F939.1
G1 X-0.354 Y90.580 Z0.20 E44.45 F1006.2
G1 X0.707 Y90.934 Z0.20 E44.50 F1073.3
G1 X1.061 Y91.995 Z0.20 E44.54 F1140.4
G1 X2.121 Y92.348 Z0.20 E44.59 F1207.5
G1 X2.475 Y93.409 Z0.20 E44.64 F1274.6
G1 X3.536 Y93.762 Z0.20 E44.68 F1341.6
G1 X3.889 Y94.823 Z0.20 E44.73 F1408.7
G1 X4.950 Y95.177 Z0.20 E44.78 F1475.8
G1 X5.303 Y96.237 Z0.20 E44.82 F1542.9
G1 X6.364 Y96.591 Z0.20 E44.87 F1610.0
G1 X6.718 Y97.651 Z0.20 E44.92 F1677.1
G1 X7.778 Y98.005 Z0.20 E44.96 F1744.1
G1 X8.132 Y99.066 Z0.20 E45.01 F1811.2
G1 X9.192 Y99.419 Z0.20 E45.06 F1878.3
G1 X9.546 Y100.480 Z0.20 E45.10 F1945.4
G1 X10.607 Y100.833 Z0.20 E45.15 F2012.5
G1 X10.960 Y101.894 Z0.20 E45.20 F2079.5
G1 X12.021 Y102.248 Z0.20 E45.24 F2146.6
G1 X12.374 Y103.308 Z0.20 E45.29 F2213.7
G1 X13.435 Y103.662 Z0.20 E45.34 F2280.8
G1 X13.789 Y104.723 Z0.20 E45.38 F2347.9
G1 X14.849 Y105.076 Z0.20 E45.43 F2415.0
G1 X15.203 Y106.137 Z0.20 E45.47 F2482.0
G1 X16.263 Y106.490 Z0.20 E45.52 F2549.1
G1 X16.617 Y107.551 Z0.20 E45.57 F2616.2
G1 X17.678 Y107.904 Z0.20 E45.61 F2683.3
G1 X18.031 Y108.965 Z0.20 E45.66 F2750.4
G1 X19.092 Y109.319 Z0.20 E45.71 F2817.4
G1 X19.445 Y110.379 Z0.20 E45.75 F2884.5
G1 X20.506 Y110.733 Z0.20 E45.80 F2951.6
G1 X20.860 Y111.794 Z0.20 E45.85 F3018.7
G1 X21.920 Y112.147 Z0.20 E45.89 F3085.8
G1 X22.274 Y113.208 Z0.20 E45.94 F3152.9
G1 X23.335 Y113.561 Z0.20 E45.99 F3219.9
G1 X23.688 Y114.622 Z0.20 E46.03 F3287.0
G1 X24.749 Y114.976 Z0.20 E46.08 F3354.1
G1 X25.102 Y116.036 Z0.20 E46.13 F3421.2
G1 X26.163 Y116.390 Z0.20 E46.17 F3488.3
G1 X26.517 Y117.450 Z0.20 E46.22 F3555.3
G1 X27.577 Y117.804 Z0.20 E46.26 F3622.4
G1 X27.931 Y118.865 Z0.20 E46.31 F3689.5
G1 X28.991 Y119.218 Z0.20 E46.36 F3756.6
G1 X29.345 Y120.279 Z0.20 E46.40 F3823.7
G1 X30.406 Y120.632 Z0.20 E46.45 F3890.8
G1 X30.759 Y121.693 Z0.20 E46.50 F3957.8
G1 X31.820 Y122.047 Z0.20 E46.54 F4024.9
G1 X32.173 Y123.107 Z0.20 E46.59 F4092.0
G1 X33.234 Y123.461 Z0.20 E46.64 F4159.1
G1 X33.588 Y124.522 Z0.20 E46.68 F4226.2
G1 X34.648 Y124.875 Z0.20 E46.73 F4293.3
G1 X35.002 Y125.936 Z0.20 E46.78 F4360.3
G1 X36.062 Y126.289 Z0.20 E46.82 F4427.4
G1 X36.416 Y127.350 Z0.20 E46.87 F4494.5
G1 X37.477 Y127.703 Z0.20 E46.92 F4561.6
G1 X37.830 Y128.764 Z0.20 E46.96 F4628.7
G1 X38.891 Y129.118 Z0.20 E47.01 F4695.7
G1 X39.244 Y130.178 Z0.20 E47.06 F4762.8
G1 X40.305 Y130.532 Z0.20 E47.10 F4829.9
G1 X40.659 Y131.593 Z0.20 E47.15 F4897.0
G1 X41.719 Y131.946 Z0.20 E47.19 F4964.1
G1 X42.073 Y133.007 Z0.20 E47.24 F5031.2
G1 X43.134 Y133.360 Z0.20 E47.29 F5098.2
G1 X43.487 Y134.421 Z0.20 E47.33 F5165.3
G1 X44.548 Y134.775 Z0.20 E47.38 F5232.4
G1 X44.901 Y135.835 Z0.20 E47.43 F5299.5
G1 X45.962 Y136.189 Z0.20 E47.47 F5366.6
G1 X46.315 Y137.249 Z0.20 E47.52 F5433.6
G1 X47.376 Y137.603 Z0.20 E47.57 F5500.7
G1 X47.730 Y138.664 Z0.20 E47.61 F5567.8
G1 X48.790 Y139.017 Z0.20 E47.66 F5634.9
G1 X49.144 Y140.078 Z0.20 E47.71 F5702.0
G1 X50.205 Y140.431 Z0.20 E47.75 F5769.1
G1 X50.558 Y141.492 Z0.20 E47.80 F5836.1
G1 X51.619 Y141.846 Z0.20 E47.85 F5903.2
G1 X51.972 Y142.906 Z0.20 E47.89 F5970.3
G1 X53.033 Y143.260 Z0.20 E47.94 F6037.4
G1 X53.387 Y144.320 Z0.20 E47.98 F6104.5
G1 X54.447 Y144.674 Z0.20 E48.03 F6171.5
G1 X54.801 Y145.735 Z0.20 E48.08 F6238.6
G1 X55.861 Y146.088 Z0.20 E48.12 F6305.7
G1 X56.215 Y147.149 Z0.20 E48.17 F6372.8
G1 X57.276 Y147.502 Z0.20 E48.22 F6439.9
G1 X57.629 Y148.563 Z0.20 E48.26 F6507.0
G1 X58.690 Y148.917 Z0.20 E48.31 F6574.0
G1 X59.043 Y149.977 Z0.20 E48.36 F6641.1
G1 X60.104 Y150.331 Z0.20 E48.40 F6708.2
G1 X60.458 Y151.392 Z0.20 E48.45 F6775.3
G1 X61.518 Y151.745 Z0.20 E48.50 F6842.4
G1 X61.872 Y152.806 Z0.20 E48.54 F6909.5
G1 X62.933 Y153.159 Z0.20 E48.59 F6976.5
G1 X63.286 Y154.220 Z0.20 E48.64 F7043.6
G1 X64.347 Y154.574 Z0.20 E48.68 F7110.7
G1 X64.700 Y155.634 Z0.20 E48.73 F7177.8
G1 X65.761 Y155.988 Z0.20 E48.77 F7244.9
G1 X66.114 Y157.048 Z0.20 E48.82 F7311.9
G1 X67.175 Y157.402 Z0.20 E48.87 F7379.0
G1 X67.529 Y158.463 Z0.20 E48.91 F7446.1
G1 X68.589 Y158.816 Z0.20 E48.96 F7513.2
G1 X68.943 Y159.877 Z0.20 E49.01 F7580.3
G1 X70.004 Y160.230 Z0.20 E49.05 F7647.4
G1 X70.357 Y161.291 Z0.20 E49.10 F7714.4
G1 X71.418 Y161.645 Z0.20 E49.15 F7781.5
G1 X71.771 Y162.705 Z0.20 E49.19 F7848.6
G1 X72.832 Y163.059 Z0.20 E49.24 F7915.7
G1 X73.186 Y164.119 Z0.20 E49.29 F7982.8
G1 X74.246 Y164.473 Z0.20 E49.33 F8049.8
M201 X500 Y500
G1 X84.429 Y174.655 Z0.20 E49.93

G0 X80.893 Y178.191 Z0.20 E49.93 F6000.0
M593 Y D0.30
G1 X70.711 Y168.009 Z0.20 E50.53 F8049.8
M203 X500 Y500 ; maximum feedrates
M204 P10000 ; print acceleration
M201 X10000 Y10000 ; max acceleration
M205 X500.00 Y500.00 ; jerk limits very high
M205 J0.3 ; junction deviation maximum
G1 X69.650 Y167.655 Z0.20 E50.58 F8049.8
G1 X69.296 Y166.594 Z0.20 E50.62 F7982.8
G1 X68.236 Y166.241 Z0.20 E50.67 F7915.7
G1 X67.882 Y165.180 Z0.20 E50.72 F7848.6
G1 X66.822 Y164.827 Z0.20 E50.76 F7781.5
G1 X66.468 Y163.766 Z0.20 E50.81 F7714.4
G1 X65.407 Y163.412 Z0.20 E50.86 F7647.4
G1 X65.054 Y162.352 Z0.20 E50.90 F7580.3
G1 X63.993 Y161.998 Z0.20 E50.95 F7513.2
G1 X63.640 Y160.938 Z0.20 E50.99 F7446.1
G1 X62.579 Y160.584 Z0.20 E51.04 F7379.0
G1 X62.225 Y159.523 Z0.20 E51.09 F7311.9
G1 X61.165 Y159.170 Z0.20 E51.13 F7244.9
G1 X60.811 Y158.109 Z0.20 E51.18 F7177.8
G1 X59.751 Y157.756 Z0.20 E51.23 F7110.7
G1 X59.397 Y156.695 Z0.20 E51.27 F7043.6
G1 X58.336 Y156.341 Z0.20 E51.32 F6976.5
G1 X57.983 Y155.281 Z0.20 E51.37 F6909.5
G1 X56.922 Y154.927 Z0.20 E51.41 F6842.4
G1 X56.569 Y153.866 Z0.20 E51.46 F6775.3
G1 X55.508 Y153.513 Z0.20 E51.51 F6708.2
G1 X55.154 Y152.452 Z0.20 E51.55 F6641.1
G1 X54.094 Y152.099 Z0.20 E51.60 F6574.0
G1 X53.740 Y151.038 Z0.20 E51.65 F6507.0
G1 X52.679 Y150.684 Z0.20 E51.69 F6439.9
G1 X52.326 Y149.624 Z0.20 E51.74 F6372.8
G1 X51.265 Y149.270 Z0.20 E51.79 F6305.7
G1 X50.912 Y148.210 Z0.20 E51.83 F6238.6
G1 X49.851 Y147.856 Z0.20 E51.88 F6171.5
G1 X49.497 Y146.795 Z0.20 E51.92 F6104.5
G1 X48.437 Y146.442 Z0.20 E51.97 F6037.4
G1 X48.083 Y145.381 Z0.20 E52.02 F5970.3
G1 X47.023 Y145.028 Z0.20 E52.06 F5903.2
G1 X46.669 Y143.967 Z0.20 E52.11 F5836.1
G1 X45.608 Y143.613 Z0.20 E52.16 F5769.1
G1 X45.255 Y142.553 Z0.20 E52.20 F5702.0
G1 X44.194 Y142.199 Z0.20 E52.25 F5634.9
G1 X43.841 Y141.139 Z0.20 E52.30 F5567.8
G1 X42.780 Y140.785 Z0.20 E52.34 F5500.7
G1 X42.426 Y139.724 Z0.20 E52.39 F5433.6
G1 X41.366 Y139.371 Z0.20 E52.44 F5366.6
G1 X41.012 Y138.310 Z0.20 E52.48 F5299.5
G1 X39.952 Y137.957 Z0.20 E52.53 F5232.4
G1 X39.598 Y136.896 Z0.20 E52.58 F5165.3
G1 X38.537 Y136.542 Z0.20 E52.62 F5098.2
G1 X38.184 Y135.482 Z0.20 E52.67 F5031.2
G1 X37.123 Y135.128 Z0.20 E52.71 F4964.1
G1 X36.770 Y134.067 Z0.20 E52.76 F4897.0
G1 X35.709 Y133.714 Z0.20 E52.81 F4829.9
G1 X35.355 Y132.653 Z0.20 E52.85 F4762.8
G1 X34.295 Y132.300 Z0.20 E52.90 F4695.7
G1 X33.941 Y131.239 Z0.20 E52.95 F4628.7
G1 X32.880 Y130.885 Z0.20 E52.99 F4561.6
G1 X32.527 Y129.825 Z0.20 E53.04 F4494.5
G1 X31.466 Y129.471 Z0.20 E53.09 F4427.4
G1 X31.113 Y128.411 Z0.20 E53.13 F4360.3
G1 X30.052 Y128.057 Z0.20 E53.18 F4293.3
G1 X29.698 Y126.996 Z0.20 E53.23 F4226.2
G1 X28.638 Y126.643 Z0.20 E53.27 F4159.1
G1 X28.284 Y125.582 Z0.20 E53.32 F4092.0
G1 X27.224 Y125.229 Z0.20 E53.37 F4024.9
G1 X26.870 Y124.168 Z0.20 E53.41 F3957.8
G1 X25.809 Y123.814 Z0.20 E53.46 F3890.8
G1 X25.456 Y122.754 Z0.20 E53.50 F3823.7
G1 X24.395 Y122.400 Z0.20 E53.55 F3756.6
G1 X24.042 Y121.340 Z0.20 E53.60 F3689.5
G1 X22.981 Y120.986 Z0.20 E53.64 F3622.4
G1 X22.627 Y119.925 Z0.20 E53.69 F3555.3
G1 X21.567 Y119.572 Z0.20 E53.74 F3488.3
G1 X21.213 Y118.511 Z0.20 E53.78 F3421.2
G1 X20.153 Y118.158 Z0.20 E53.83 F3354.1
G1 X19.799 Y117.097 Z0.20 E53.88 F3287.0
G1 X18.738 Y116.743 Z0.20 E53.92 F3219.9
G1 X18.385 Y115.683 Z0.20 E53.97 F3152.9
G1 X17.324 Y115.329 Z0.20 E54.02 F3085.8
G1 X16.971 Y114.268 Z0.20 E54.06 F3018.7
G1 X15.910 Y113.915 Z0.20 E54.11 F2951.6
G1 X15.556 Y112.854 Z0.20 E54.16 F2884.5
G1 X14.496 Y112.501 Z0.20 E54.20 F2817.4
G1 X14.142 Y111.440 Z0.20 E54.25 F2750.4
G1 X13.081 Y111.086 Z0.20 E54.30 F2683.3
G1 X12.728 Y110.026 Z0.20 E54.34 F2616.2
G1 X11.667 Y109.672 Z0.20 E54.39 F2549.1
G1 X11.314 Y108.612 Z0.20 E54.43 F2482.0
G1 X10.253 Y108.258 Z0.20 E54.48 F2415.0
G1 X9.899 Y107.197 Z0.20 E54.53 F2347.9
G1 X8.839 Y106.844 Z0.20 E54.57 F2280.8
G1 X8.485 Y105.783 Z0.20 E54.62 F2213.7
G1 X7.425 Y105.430 Z0.20 E54.67 F2146.6
G1 X7.071 Y104.369 Z0.20 E54.71 F2079.5
G1 X6.010 Y104.015 Z0.20 E54.76 F2012.5
G1 X5.657 Y102.955 Z0.20 E54.81 F1945.4
G1 X4.596 Y102.601 Z0.20 E54.85 F1878.3
G1 X4.243 Y101.541 Z0.20 E54.90 F1811.2
G1 X3.182 Y101.187 Z0.20 E54.95 F1744.1
G1 X2.828 Y100.126 Z0.20 E54.99 F1677.1
G1 X1.768 Y99.773 Z0.20 E55.04 F1610.0
G1 X1.414 Y98.712 Z0.20 E55.09 F1542.9
G1 X0.354 Y98.359 Z0.20 E55.13 F1475.8
G1 X0.000 Y97.298 Z0.20 E55.18 F1408.7
G1 X-1.061 Y96.944 Z0.20 E55.22 F1341.6
G1 X-1.414 Y95.884 Z0.20 E55.27 F1274.6
G1 X-2.475 Y95.530 Z0.20 E55.32 F1207.5
G1 X-2.828 Y94.469 Z0.20 E55.36 F1140.4
G1 X-3.889 Y94.116 Z0.20 E55.41 F1073.3
G1 X-4.243 Y93.055 Z0.20 E55.46 F1006.2
G1 X-5.303 Y92.702 Z0.20 E55.50 F939.1
G1 X-5.657 Y91.641 Z0.20 E55.55 F872.1
G1 X-6.718 Y91.287 Z0.20 E55.60 F805.0
G1 X-7.071 Y90.227 Z0.20 E55.64 F737.9
G1 X-8.132 Y89.873 Z0.20 E55.69 F670.8
G1 X-8.485 Y88.813 Z0.20 E55.74 F603.7
G1 X-9.546 Y88.459 Z0.20 E55.78 F536.7
G1 X-9.899 Y87.398 Z0.20 E55.83 F469.6
G1 X-10.960 Y87.045 Z0.20 E55.88 F402.5
G1 X-11.314 Y85.984 Z0.20 E55.92 F335.4
G1 X-12.374 Y85.631 Z0.20 E55.97 F268.3
G1 X-12.728 Y84.570 Z0.20 E56.01 F201.2
G1 X-13.789 Y84.216 Z0.20 E56.06 F134.2
G1 X-14.142 Y83.156 Z0.20 E56.11 F67.1
M201 X500 Y500
G0 X-17.678 Y86.691 Z0.20 E56.11 F6000.0
M593 Y D0.35
M203 X500 Y500 ; maximum feedrates
M204 P10000 ; print acceleration
M201 X10000 Y10000 ; max acceleration
M205 X500.00 Y500.00 ; jerk limits very high
M205 J0.3 ; junction deviation maximum
G1 X-17.324 Y87.752 Z0.20 E56.15 F67.1
G1 X-16.263 Y88.106 Z0.20 E56.20 F134.2
G1 X-15.910 Y89.166 Z0.20 E56.25 F201.2
G1 X-14.849 Y89.520 Z0.20 E56.29 F268.3
G1 X-14.496 Y90.580 Z0.20 E56.34 F335.4
G1 X-13.435 Y90.934 Z0.20 E56.39 F402.5
G1 X-13.081 Y91.995 Z0.20 E56.43 F469.6
G1 X-12.021 Y92.348 Z0.20 E56.48 F536.7
G1 X-11.667 Y93.409 Z0.20 E56.53 F603.7
G1 X-10.607 Y93.762 Z0.20 E56.57 F670.8
G1 X-10.253 Y94.823 Z0.20 E56.62 F737.9
G1 X-9.192 Y95.177 Z0.20 E56.67 F805.0
G1 X-8.839 Y96.237 Z0.20 E56.71 F872.1
G1 X-7.778 Y96.591 Z0.20 E56.76 F939.1
G1 X-7.425 Y97.651 Z0.20 E56.81 F1006.2
G1 X-6.364 Y98.005 Z0.20 E56.85 F1073.3
G1 X-6.010 Y99.066 Z0.20 E56.90 F1140.4
G1 X-4.950 Y99.419 Z0.20 E56.94 F1207.5
G1 X-4.596 Y100.480 Z0.20 E56.99 F1274.6
G1 X-3.536 Y100.833 Z0.20 E57.04 F1341.6
G1 X-3.182 Y101.894 Z0.20 E57.08 F1408.7
G1 X-2.121 Y102.248 Z0.20 E57.13 F1475.8
G1 X-1.768 Y103.308 Z0.20 E57.18 F1542.9
G1 X-0.707 Y103.662 Z0.20 E57.22 F1610.0
G1 X-0.354 Y104.723 Z0.20 E57.27 F1677.1
G1 X0.707 Y105.076 Z0.20 E57.32 F1744.1
G1 X1.061 Y106.137 Z0.20 E57.36 F1811.2
G1 X2.121 Y106.490 Z0.20 E57.41 F1878.3
G1 X2.475 Y107.551 Z0.20 E57.46 F1945.4
G1 X3.536 Y107.904 Z0.20 E57.50 F2012.5
G1 X3.889 Y108.965 Z0.20 E57.55 F2079.5
G1 X4.950 Y109.319 Z0.20 E57.60 F2146.6
G1 X5.303 Y110.379 Z0.20 E57.64 F2213.7
G1 X6.364 Y110.733 Z0.20 E57.69 F2280.8
G1 X6.718 Y111.794 Z0.20 E57.73 F2347.9
G1 X7.778 Y112.147 Z0.20 E57.78 F2415.0
G1 X8.132 Y113.208 Z0.20 E57.83 F2482.0
G1 X9.192 Y113.561 Z0.20 E57.87 F2549.1
G1 X9.546 Y114.622 Z0.20 E57.92 F2616.2
G1 X10.607 Y114.976 Z0.20 E57.97 F2683.3
G1 X10.960 Y116.036 Z0.20 E58.01 F2750.4
G1 X12.021 Y116.390 Z0.20 E58.06 F2817.4
G1 X12.374 Y117.450 Z0.20 E58.11 F2884.5
G1 X13.435 Y117.804 Z0.20 E58.15 F2951.6
G1 X13.789 Y118.865 Z0.20 E58.20 F3018.7
G1 X14.849 Y119.218 Z0.20 E58.25 F3085.8
G1 X15.203 Y120.279 Z0.20 E58.29 F3152.9
G1 X16.263 Y120.632 Z0.20 E58.34 F3219.9
G1 X16.617 Y121.693 Z0.20 E58.39 F3287.0
G1 X17.678 Y122.047 Z0.20 E58.43 F3354.1
G1 X18.031 Y123.107 Z0.20 E58.48 F3421.2
G1 X19.092 Y123.461 Z0.20 E58.53 F3488.3
G1 X19.445 Y124.522 Z0.20 E58.57 F3555.3
G1 X20.506 Y124.875 Z0.20 E58.62 F3622.4
G1 X20.860 Y125.936 Z0.20 E58.66 F3689.5
G1 X21.920 Y126.289 Z0.20 E58.71 F3756.6
G1 X22.274 Y127.350 Z0.20 E58.76 F3823.7
G1 X23.335 Y127.703 Z0.20 E58.80 F3890.8
G1 X23.688 Y128.764 Z0.20 E58.85 F3957.8
G1 X24.749 Y129.118 Z0.20 E58.90 F4024.9
G1 X25.102 Y130.178 Z0.20 E58.94 F4092.0
G1 X26.163 Y130.532 Z0.20 E58.99 F4159.1
G1 X26.517 Y131.593 Z0.20 E59.04 F4226.2
G1 X27.577 Y131.946 Z0.20 E59.08 F4293.3
G1 X27.931 Y133.007 Z0.20 E59.13 F4360.3
G1 X28.991 Y133.360 Z0.20 E59.18 F4427.4
G1 X29.345 Y134.421 Z0.20 E59.22 F4494.5
G1 X30.406 Y134.775 Z0.20 E59.27 F4561.6
G1 X30.759 Y135.835 Z0.20 E59.32 F4628.7
G1 X31.820 Y136.189 Z0.20 E59.36 F4695.7
G1 X32.173 Y137.249 Z0.20 E59.41 F4762.8
G1 X33.234 Y137.603 Z0.20 E59.45 F4829.9
G1 X33.588 Y138.664 Z0.20 E59.50 F4897.0
G1 X34.648 Y139.017 Z0.20 E59.55 F4964.1
G1 X35.002 Y140.078 Z0.20 E59.59 F5031.2
G1 X36.062 Y140.431 Z0.20 E59.64 F5098.2
G1 X36.416 Y141.492 Z0.20 E59.69 F5165.3
G1 X37.477 Y141.846 Z0.20 E59.73 F5232.4
G1 X37.830 Y142.906 Z0.20 E59.78 F5299.5
G1 X38.891 Y143.260 Z0.20 E59.83 F5366.6
G1 X39.244 Y144.320 Z0.20 E59.87 F5433.6
G1 X40.305 Y144.674 Z0.20 E59.92 F5500.7
G1 X40.659 Y145.735 Z0.20 E59.97 F5567.8
G1 X41.719 Y146.088 Z0.20 E60.01 F5634.9
G1 X42.073 Y147.149 Z0.20 E60.06 F5702.0
G1 X43.134 Y147.502 Z0.20 E60.11 F5769.1
G1 X43.487 Y148.563 Z0.20 E60.15 F5836.1
G1 X44.548 Y148.917 Z0.20 E60.20 F5903.2
G1 X44.901 Y149.977 Z0.20 E60.24 F5970.3
G1 X45.962 Y150.331 Z0.20 E60.29 F6037.4
G1 X46.315 Y151.392 Z0.20 E60.34 F6104.5
G1 X47.376 Y151.745 Z0.20 E60.38 F6171.5
G1 X47.730 Y152.806 Z0.20 E60.43 F6238.6
G1 X48.790 Y153.159 Z0.20 E60.48 F6305.7
G1 X49.144 Y154.220 Z0.20 E60.52 F6372.8
G1 X50.205 Y154.574 Z0.20 E60.57 F6439.9
G1 X50.558 Y155.634 Z0.20 E60.62 F6507.0
G1 X51.619 Y155.988 Z0.20 E60.66 F6574.0
G1 X51.972 Y157.048 Z0.20 E60.71 F6641.1
G1 X53.033 Y157.402 Z0.20 E60.76 F6708.2
G1 X53.387 Y158.463 Z0.20 E60.80 F6775.3
G1 X54.447 Y158.816 Z0.20 E60.85 F6842.4
G1 X54.801 Y159.877 Z0.20 E60.90 F6909.5
G1 X55.861 Y160.230 Z0.20 E60.94 F6976.5
G1 X56.215 Y161.291 Z0.20 E60.99 F7043.6
G1 X57.276 Y161.645 Z0.20 E61.04 F7110.7
G1 X57.629 Y162.705 Z0.20 E61.08 F7177.8
G1 X58.690 Y163.059 Z0.20 E61.13 F7244.9
G1 X59.043 Y164.119 Z0.20 E61.17 F7311.9
G1 X60.104 Y164.473 Z0.20 E61.22 F7379.0
G1 X60.458 Y165.534 Z0.20 E61.27 F7446.1
G1 X61.518 Y165.887 Z0.20 E61.31 F7513.2
G1 X61.872 Y166.948 Z0.20 E61.36 F7580.3
G1 X62.933 Y167.301 Z0.20 E61.41 F7647.4
G1 X63.286 Y168.362 Z0.20 E61.45 F7714.4
G1 X64.347 Y168.716 Z0.20 E61.50 F7781.5
G1 X64.700 Y169.776 Z0.20 E61.55 F7848.6
G1 X65.761 Y170.130 Z0.20 E61.59 F7915.7
G1 X66.114 Y171.191 Z0.20 E61.64 F7982.8
G1 X67.175 Y171.544 Z0.20 E61.69 F8049.8
M201 X500 Y500
G1 X77.357 Y181.726 Z0.20 E62.28

G0 X73.822 Y185.262 Z0.20 E62.28 F6000.0
M593 Y D0.40
G1 X63.640 Y175.080 Z0.20 E62.88 F8049.8
M203 X500 Y500 ; maximum feedrates
M204 P10000 ; print acceleration
M201 X10000 Y10000 ; max acceleration
M205 X500.00 Y500.00 ; jerk limits very high
M205 J0.3 ; junction deviation maximum
G1 X62.579 Y174.726 Z0.20 E62.93 F8049.8
G1 X62.225 Y173.665 Z0.20 E62.98 F7982.8
G1 X61.165 Y173.312 Z0.20 E63.02 F7915.7
G1 X60.811 Y172.251 Z0.20 E63.07 F7848.6
G1 X59.751 Y171.898 Z0.20 E63.12 F7781.5
G1 X59.397 Y170.837 Z0.20 E63.16 F7714.4
G1 X58.336 Y170.483 Z0.20 E63.21 F7647.4
G1 X57.983 Y169.423 Z0.20 E63.26 F7580.3
G1 X56.922 Y169.069 Z0.20 E63.30 F7513.2
G1 X56.569 Y168.009 Z0.20 E63.35 F7446.1
G1 X55.508 Y167.655 Z0.20 E63.39 F7379.0
G1 X55.154 Y166.594 Z0.20 E63.44 F7311.9
G1 X54.094 Y166.241 Z0.20 E63.49 F7244.9
G1 X53.740 Y165.180 Z0.20 E63.53 F7177.8
G1 X52.679 Y164.827 Z0.20 E63.58 F7110.7
G1 X52.326 Y163.766 Z0.20 E63.63 F7043.6
G1 X51.265 Y163.412 Z0.20 E63.67 F6976.5
G1 X50.912 Y162.352 Z0.20 E63.72 F6909.5
G1 X49.851 Y161.998 Z0.20 E63.77 F6842.4
G1 X49.497 Y160.938 Z0.20 E63.81 F6775.3
G1 X48.437 Y160.584 Z0.20 E63.86 F6708.2
G1 X48.083 Y159.523 Z0.20 E63.91 F6641.1
G1 X47.023 Y159.170 Z0.20 E63.95 F6574.0
G1 X46.669 Y158.109 Z0.20 E64.00 F6507.0
G1 X45.608 Y157.756 Z0.20 E64.05 F6439.9
G1 X45.255 Y156.695 Z0.20 E64.09 F6372.8
G1 X44.194 Y156.341 Z0.20 E64.14 F6305.7
G1 X43.841 Y155.281 Z0.20 E64.18 F6238.6
G1 X42.780 Y154.927 Z0.20 E64.23 F6171.5
G1 X42.426 Y153.866 Z0.20 E64.28 F6104.5
G1 X41.366 Y153.513 Z0.20 E64.32 F6037.4
G1 X41.012 Y152.452 Z0.20 E64.37 F5970.3
G1 X39.952 Y152.099 Z0.20 E64.42 F5903.2
G1 X39.598 Y151.038 Z0.20 E64.46 F5836.1
G1 X38.537 Y150.684 Z0.20 E64.51 F5769.1
G1 X38.184 Y149.624 Z0.20 E64.56 F5702.0
G1 X37.123 Y149.270 Z0.20 E64.60 F5634.9
G1 X36.770 Y148.210 Z0.20 E64.65 F5567.8
G1 X35.709 Y147.856 Z0.20 E64.70 F5500.7
G1 X35.355 Y146.795 Z0.20 E64.74 F5433.6
G1 X34.295 Y146.442 Z0.20 E64.79 F5366.6
G1 X33.941 Y145.381 Z0.20 E64.84 F5299.5
G1 X32.880 Y145.028 Z0.20 E64.88 F5232.4
G1 X32.527 Y143.967 Z0.20 E64.93 F5165.3
G1 X31.466 Y143.613 Z0.20 E64.97 F5098.2
G1 X31.113 Y142.553 Z0.20 E65.02 F5031.2
G1 X30.052 Y142.199 Z0.20 E65.07 F4964.1
G1 X29.698 Y141.139 Z0.20 E65.11 F4897.0
G1 X28.638 Y140.785 Z0.20 E65.16 F4829.9
G1 X28.284 Y139.724 Z0.20 E65.21 F4762.8
G1 X27.224 Y139.371 Z0.20 E65.25 F4695.7
G1 X26.870 Y138.310 Z0.20 E65.30 F4628.7
G1 X25.809 Y137.957 Z0.20 E65.35 F4561.6
G1 X25.456 Y136.896 Z0.20 E65.39 F4494.5
G1 X24.395 Y136.542 Z0.20 E65.44 F4427.4
G1 X24.042 Y135.482 Z0.20 E65.49 F4360.3
G1 X22.981 Y135.128 Z0.20 E65.53 F4293.3
G1 X22.627 Y134.067 Z0.20 E65.58 F4226.2
G1 X21.567 Y133.714 Z0.20 E65.63 F4159.1
G1 X21.213 Y132.653 Z0.20 E65.67 F4092.0
G1 X20.153 Y132.300 Z0.20 E65.72 F4024.9
G1 X19.799 Y131.239 Z0.20 E65.77 F3957.8
G1 X18.738 Y130.885 Z0.20 E65.81 F3890.8
G1 X18.385 Y129.825 Z0.20 E65.86 F3823.7
G1 X17.324 Y129.471 Z0.20 E65.90 F3756.6
G1 X16.971 Y128.411 Z0.20 E65.95 F3689.5
G1 X15.910 Y128.057 Z0.20 E66.00 F3622.4
G1 X15.556 Y126.996 Z0.20 E66.04 F3555.3
G1 X14.496 Y126.643 Z0.20 E66.09 F3488.3
G1 X14.142 Y125.582 Z0.20 E66.14 F3421.2
G1 X13.081 Y125.229 Z0.20 E66.18 F3354.1
G1 X12.728 Y124.168 Z0.20 E66.23 F3287.0
G1 X11.667 Y123.814 Z0.20 E66.28 F3219.9
G1 X11.314 Y122.754 Z0.20 E66.32 F3152.9
G1 X10.253 Y122.400 Z0.20 E66.37 F3085.8
G1 X9.899 Y121.340 Z0.20 E66.42 F3018.7
G1 X8.839 Y120.986 Z0.20 E66.46 F2951.6
G1 X8.485 Y119.925 Z0.20 E66.51 F2884.5
G1 X7.425 Y119.572 Z0.20 E66.56 F2817.4
G1 X7.071 Y118.511 Z0.20 E66.60 F2750.4
G1 X6.010 Y118.158 Z0.20 E66.65 F2683.3
G1 X5.657 Y117.097 Z0.20 E66.69 F2616.2
G1 X4.596 Y116.743 Z0.20 E66.74 F2549.1
G1 X4.243 Y115.683 Z0.20 E66.79 F2482.0
G1 X3.182 Y115.329 Z0.20 E66.83 F2415.0
G1 X2.828 Y114.268 Z0.20 E66.88 F2347.9
G1 X1.768 Y113.915 Z0.20 E66.93 F2280.8
G1 X1.414 Y112.854 Z0.20 E66.97 F2213.7
G1 X0.354 Y112.501 Z0.20 E67.02 F2146.6
G1 X0.000 Y111.440 Z0.20 E67.07 F2079.5
G1 X-1.061 Y111.086 Z0.20 E67.11 F2012.5
G1 X-1.414 Y110.026 Z0.20 E67.16 F1945.4
G1 X-2.475 Y109.672 Z0.20 E67.21 F1878.3
G1 X-2.828 Y108.612 Z0.20 E67.25 F1811.2
G1 X-3.889 Y108.258 Z0.20 E67.30 F1744.1
G1 X-4.243 Y107.197 Z0.20 E67.35 F1677.1
G1 X-5.303 Y106.844 Z0.20 E67.39 F1610.0
G1 X-5.657 Y105.783 Z0.20 E67.44 F1542.9
G1 X-6.718 Y105.430 Z0.20 E67.48 F1475.8
G1 X-7.071 Y104.369 Z0.20 E67.53 F1408.7
G1 X-8.132 Y104.015 Z0.20 E67.58 F1341.6
G1 X-8.485 Y102.955 Z0.20 E67.62 F1274.6
G1 X-9.546 Y102.601 Z0.20 E67.67 F1207.5
G1 X-9.899 Y101.541 Z0.20 E67.72 F1140.4
G1 X-10.960 Y101.187 Z0.20 E67.76 F1073.3
G1 X-11.314 Y100.126 Z0.20 E67.81 F1006.2
G1 X-12.374 Y99.773 Z0.20 E67.86 F939.1
G1 X-12.728 Y98.712 Z0.20 E67.90 F872.1
G1 X-13.789 Y98.359 Z0.20 E67.95 F805.0
G1 X-14.142 Y97.298 Z0.20 E68.00 F737.9
G1 X-15.203 Y96.944 Z0.20 E68.04 F670.8
G1 X-15.556 Y95.884 Z0.20 E68.09 F603.7
G1 X-16.617 Y95.530 Z0.20 E68.14 F536.7
G1 X-16.971 Y94.469 Z0.20 E68.18 F469.6
G1 X-18.031 Y94.116 Z0.20 E68.23 F402.5
G1 X-18.385 Y93.055 Z0.20 E68.28 F335.4
G1 X-19.445 Y92.702 Z0.20 E68.32 F268.3
G1 X-19.799 Y91.641 Z0.20 E68.37 F201.2
G1 X-20.860 Y91.287 Z0.20 E68.41 F134.2
G1 X-21.213 Y90.227 Z0.20 E68.46 F67.1
M201 X500 Y500
G0 X-24.749 Y93.762 Z0.20 E68.46 F6000.0
M593 Y D0.45
M203 X500 Y500 ; maximum feedrates
M204 P10000 ; print acceleration
M201 X10000 Y10000 ; max acceleration
M205 X500.00 Y500.00 ; jerk limits very high
M205 J0.3 ; junction deviation maximum
G1 X-24.395 Y94.823 Z0.20 E68.51 F67.1
G1 X-23.335 Y95.177 Z0.20 E68.55 F134.2
G1 X-22.981 Y96.237 Z0.20 E68.60 F201.2
G1 X-21.920 Y96.591 Z0.20 E68.65 F268.3
G1 X-21.567 Y97.651 Z0.20 E68.69 F335.4
G1 X-20.506 Y98.005 Z0.20 E68.74 F402.5
G1 X-20.153 Y99.066 Z0.20 E68.79 F469.6
G1 X-19.092 Y99.419 Z0.20 E68.83 F536.7
G1 X-18.738 Y100.480 Z0.20 E68.88 F603.7
G1 X-17.678 Y100.833 Z0.20 E68.93 F670.8
G1 X-17.324 Y101.894 Z0.20 E68.97 F737.9
G1 X-16.263 Y102.248 Z0.20 E69.02 F805.0
G1 X-15.910 Y103.308 Z0.20 E69.07 F872.1
G1 X-14.849 Y103.662 Z0.20 E69.11 F939.1
G1 X-14.496 Y104.723 Z0.20 E69.16 F1006.2
G1 X-13.435 Y105.076 Z0.20 E69.20 F1073.3
G1 X-13.081 Y106.137 Z0.20 E69.25 F1140.4
G1 X-12.021 Y106.490 Z0.20 E69.30 F1207.5
G1 X-11.667 Y107.551 Z0.20 E69.34 F1274.6
G1 X-10.607 Y107.904 Z0.20 E69.39 F1341.6
G1 X-10.253 Y108.965 Z0.20 E69.44 F1408.7
G1 X-9.192 Y109.319 Z0.20 E69.48 F1475.8
G1 X-8.839 Y110.379 Z0.20 E69.53 F1542.9
G1 X-7.778 Y110.733 Z0.20 E69.58 F1610.0
G1 X-7.425 Y111.794 Z0.20 E69.62 F1677.1
G1 X-6.364 Y112.147 Z0.20 E69.67 F1744.1
G1 X-6.010 Y113.208 Z0.20 E69.72 F1811.2
G1 X-4.950 Y113.561 Z0.20 E69.76 F1878.3
G1 X-4.596 Y114.622 Z0.20 E69.81 F1945.4
G1 X-3.536 Y114.976 Z0.20 E69.86 F2012.5
G1 X-3.182 Y116.036 Z0.20 E69.90 F2079.5
G1 X-2.121 Y116.390 Z0.20 E69.95 F2146.6
G1 X-1.768 Y117.450 Z0.20 E70.00 F2213.7
G1 X-0.707 Y117.804 Z0.20 E70.04 F2280.8
G1 X-0.354 Y118.865 Z0.20 E70.09 F2347.9
G1 X0.707 Y119.218 Z0.20 E70.13 F2415.0
G1 X1.061 Y120.279 Z0.20 E70.18 F2482.0
G1 X2.121 Y120.632 Z0.20 E70.23 F2549.1
G1 X2.475 Y121.693 Z0.20 E70.27 F2616.2
G1 X3.536 Y122.047 Z0.20 E70.32 F2683.3
G1 X3.889 Y123.107 Z0.20 E70.37 F2750.4
G1 X4.950 Y123.461 Z0.20 E70.41 F2817.4
G1 X5.303 Y124.522 Z0.20 E70.46 F2884.5
G1 X6.364 Y124.875 Z0.20 E70.51 F2951.6
G1 X6.718 Y125.936 Z0.20 E70.55 F3018.7
G1 X7.778 Y126.289 Z0.20 E70.60 F3085.8
G1 X8.132 Y127.350 Z0.20 E70.65 F3152.9
G1 X9.192 Y127.703 Z0.20 E70.69 F3219.9
G1 X9.546 Y128.764 Z0.20 E70.74 F3287.0
G1 X10.607 Y129.118 Z0.20 E70.79 F3354.1
G1 X10.960 Y130.178 Z0.20 E70.83 F3421.2
G1 X12.021 Y130.532 Z0.20 E70.88 F3488.3
G1 X12.374 Y131.593 Z0.20 E70.92 F3555.3
G1 X13.435 Y131.946 Z0.20 E70.97 F3622.4
G1 X13.789 Y133.007 Z0.20 E71.02 F3689.5
G1 X14.849 Y133.360 Z0.20 E71.06 F3756.6
G1 X15.203 Y134.421 Z0.20 E71.11 F3823.7
G1 X16.263 Y134.775 Z0.20 E71.16 F3890.8
G1 X16.617 Y135.835 Z0.20 E71.20 F3957.8
G1 X17.678 Y136.189 Z0.20 E71.25 F4024.9
G1 X18.031 Y137.249 Z0.20 E71.30 F4092.0
G1 X19.092 Y137.603 Z0.20 E71.34 F4159.1
G1 X19.445 Y138.664 Z0.20 E71.39 F4226.2
G1 X20.506 Y139.017 Z0.20 E71.44 F4293.3
G1 X20.860 Y140.078 Z0.20 E71.48 F4360.3
G1 X21.920 Y140.431 Z0.20 E71.53 F4427.4
G1 X22.274 Y141.492 Z0.20 E71.58 F4494.5
G1 X23.335 Y141.846 Z0.20 E71.62 F4561.6
G1 X23.688 Y142.906 Z0.20 E71.67 F4628.7
G1 X24.749 Y143.260 Z0.20 E71.71 F4695.7
G1 X25.102 Y144.320 Z0.20 E71.76 F4762.8
G1 X26.163 Y144.674 Z0.20 E71.81 F4829.9
G1 X26.517 Y145.735 Z0.20 E71.85 F4897.0
G1 X27.577 Y146.088 Z0.20 E71.90 F4964.1
G1 X27.931 Y147.149 Z0.20 E71.95 F5031.2
G1 X28.991 Y147.502 Z0.20 E71.99 F5098.2
G1 X29.345 Y148.563 Z0.20 E72.04 F5165.3
G1 X30.406 Y148.917 Z0.20 E72.09 F5232.4
G1 X30.759 Y149.977 Z0.20 E72.13 F5299.5
G1 X31.820 Y150.331 Z0.20 E72.18 F5366.6
G1 X32.173 Y151.392 Z0.20 E72.23 F5433.6
G1 X33.234 Y151.745 Z0.20 E72.27 F5500.7
G1 X33.588 Y152.806 Z0.20 E72.32 F5567.8
G1 X34.648 Y153.159 Z0.20 E72.37 F5634.9
G1 X35.002 Y154.220 Z0.20 E72.41 F5702.0
G1 X36.062 Y154.574 Z0.20 E72.46 F5769.1
G1 X36.416 Y155.634 Z0.20 E72.51 F5836.1
G1 X37.477 Y155.988 Z0.20 E72.55 F5903.2
G1 X37.830 Y157.048 Z0.20 E72.60 F5970.3
G1 X38.891 Y157.402 Z0.20 E72.64 F6037.4
G1 X39.244 Y158.463 Z0.20 E72.69 F6104.5
G1 X40.305 Y158.816 Z0.20 E72.74 F6171.5
G1 X40.659 Y159.877 Z0.20 E72.78 F6238.6
G1 X41.719 Y160.230 Z0.20 E72.83 F6305.7
G1 X42.073 Y161.291 Z0.20 E72.88 F6372.8
G1 X43.134 Y161.645 Z0.20 E72.92 F6439.9
G1 X43.487 Y162.705 Z0.20 E72.97 F6507.0
G1 X44.548 Y163.059 Z0.20 E73.02 F6574.0
G1 X44.901 Y164.119 Z0.20 E73.06 F6641.1
G1 X45.962 Y164.473 Z0.20 E73.11 F6708.2
G1 X46.315 Y165.534 Z0.20 E73.16 F6775.3
G1 X47.376 Y165.887 Z0.20 E73.20 F6842.4
G1 X47.730 Y166.948 Z0.20 E73.25 F6909.5
G1 X48.790 Y167.301 Z0.20 E73.30 F6976.5
G1 X49.144 Y168.362 Z0.20 E73.34 F7043.6
G1 X50.205 Y168.716 Z0.20 E73.39 F7110.7
G1 X50.558 Y169.776 Z0.20 E73.43 F7177.8
G1 X51.619 Y170.130 Z0.20 E73.48 F7244.9
G1 X51.972 Y171.191 Z0.20 E73.53 F7311.9
G1 X53.033 Y171.544 Z0.20 E73.57 F7379.0
G1 X53.387 Y172.605 Z0.20 E73.62 F7446.1
G1 X54.447 Y172.958 Z0.20 E73.67 F7513.2
G1 X54.801 Y174.019 Z0.20 E73.71 F7580.3
G1 X55.861 Y174.373 Z0.20 E73.76 F7647.4
G1 X56.215 Y175.433 Z0.20 E73.81 F7714.4
G1 X57.276 Y175.787 Z0.20 E73.85 F7781.5
G1 X57.629 Y176.847 Z0.20 E73.90 F7848.6
G1 X58.690 Y177.201 Z0.20 E73.95 F7915.7
G1 X59.043 Y178.262 Z0.20 E73.99 F7982.8
G1 X60.104 Y178.615 Z0.20 E74.04 F8049.8
M201 X500 Y500
G1 X70.286 Y188.798 Z0.20 E74.64

G0 X66.751 Y192.333 Z0.20 E74.64 F6000.0
M593 Y D0.50
G1 X56.569 Y182.151 Z0.20 E75.24 F8049.8
M203 X500 Y500 ; maximum feedrates
M204 P10000 ; print acceleration
M201 X10000 Y10000 ; max acceleration
M205 X500.00 Y500.00 ; jerk limits very high
M205 J0.3 ; junction deviation maximum
G1 X55.508 Y181.797 Z0.20 E75.28 F8049.8
G1 X55.154 Y180.736 Z0.20 E75.33 F7982.8
G1 X54.094 Y180.383 Z0.20 E75.38 F7915.7
G1 X53.740 Y179.322 Z0.20 E75.42 F7848.6
G1 X52.679 Y178.969 Z0.20 E75.47 F7781.5
G1 X52.326 Y177.908 Z0.20 E75.52 F7714.4
G1 X51.265 Y177.555 Z0.20 E75.56 F7647.4
G1 X50.912 Y176.494 Z0.20 E75.61 F7580.3
G1 X49.851 Y176.140 Z0.20 E75.65 F7513.2
G1 X49.497 Y175.080 Z0.20 E75.70 F7446.1
G1 X48.437 Y174.726 Z0.20 E75.75 F7379.0
G1 X48.083 Y173.665 Z0.20 E75.79 F7311.9
G1 X47.023 Y173.312 Z0.20 E75.84 F7244.9
G1 X46.669 Y172.251 Z0.20 E75.89 F7177.8
G1 X45.608 Y171.898 Z0.20 E75.93 F7110.7
G1 X45.255 Y170.837 Z0.20 E75.98 F7043.6
G1 X44.194 Y170.483 Z0.20 E76.03 F6976.5
G1 X43.841 Y169.423 Z0.20 E76.07 F6909.5
G1 X42.780 Y169.069 Z0.20 E76.12 F6842.4
G1 X42.426 Y168.009 Z0.20 E76.17 F6775.3
G1 X41.366 Y167.655 Z0.20 E76.21 F6708.2
G1 X41.012 Y166.594 Z0.20 E76.26 F6641.1
G1 X39.952 Y166.241 Z0.20 E76.31 F6574.0
G1 X39.598 Y165.180 Z0.20 E76.35 F6507.0
G1 X38.537 Y164.827 Z0.20 E76.40 F6439.9
G1 X38.184 Y163.766 Z0.20 E76.44 F6372.8
G1 X37.123 Y163.412 Z0.20 E76.49 F6305.7
G1 X36.770 Y162.352 Z0.20 E76.54 F6238.6
G1 X35.709 Y161.998 Z0.20 E76.58 F6171.5
G1 X35.355 Y160.938 Z0.20 E76.63 F6104.5
G1 X34.295 Y160.584 Z0.20 E76.68 F6037.4
G1 X33.941 Y159.523 Z0.20 E76.72 F5970.3
G1 X32.880 Y159.170 Z0.20 E76.77 F5903.2
G1 X32.527 Y158.109 Z0.20 E76.82 F5836.1
G1 X31.466 Y157.756 Z0.20 E76.86 F5769.1
G1 X31.113 Y156.695 Z0.20 E76.91 F5702.0
G1 X30.052 Y156.341 Z0.20 E76.96 F5634.9
G1 X29.698 Y155.281 Z0.20 E77.00 F5567.8
G1 X28.638 Y154.927 Z0.20 E77.05 F5500.7
G1 X28.284 Y153.866 Z0.20 E77.10 F5433.6
G1 X27.224 Y153.513 Z0.20 E77.14 F5366.6
G1 X26.870 Y152.452 Z0.20 E77.19 F5299.5
G1 X25.809 Y152.099 Z0.20 E77.24 F5232.4
G1 X25.456 Y151.038 Z0.20 E77.28 F5165.3
G1 X24.395 Y150.684 Z0.20 E77.33 F5098.2
G1 X24.042 Y149.624 Z0.20 E77.37 F5031.2
G1 X22.981 Y149.270 Z0.20 E77.42 F4964.1
G1 X22.627 Y148.210 Z0.20 E77.47 F4897.0
G1 X21.567 Y147.856 Z0.20 E77.51 F4829.9
G1 X21.213 Y146.795 Z0.20 E77.56 F4762.8
G1 X20.153 Y146.442 Z0.20 E77.61 F4695.7
G1 X19.799 Y145.381 Z0.20 E77.65 F4628.7
G1 X18.738 Y145.028 Z0.20 E77.70 F4561.6
G1 X18.385 Y143.967 Z0.20 E77.75 F4494.5
G1 X17.324 Y143.613 Z0.20 E77.79 F4427.4
G1 X16.971 Y142.553 Z0.20 E77.84 F4360.3
G1 X15.910 Y142.199 Z0.20 E77.89 F4293.3
G1 X15.556 Y141.139 Z0.20 E77.93 F4226.2
G1 X14.496 Y140.785 Z0.20 E77.98 F4159.1
G1 X14.142 Y139.724 Z0.20 E78.03 F4092.0
G1 X13.081 Y139.371 Z0.20 E78.07 F4024.9
G1 X12.728 Y138.310 Z0.20 E78.12 F3957.8
G1 X11.667 Y137.957 Z0.20 E78.16 F3890.8
G1 X11.314 Y136.896 Z0.20 E78.21 F3823.7
G1 X10.253 Y136.542 Z0.20 E78.26 F3756.6
G1 X9.899 Y135.482 Z0.20 E78.30 F3689.5
G1 X8.839 Y135.128 Z0.20 E78.35 F3622.4
G1 X8.485 Y134.067 Z0.20 E78.40 F3555.3
G1 X7.425 Y133.714 Z0.20 E78.44 F3488.3
G1 X7.071 Y132.653 Z0.20 E78.49 F3421.2
G1 X6.010 Y132.300 Z0.20 E78.54 F3354.1
G1 X5.657 Y131.239 Z0.20 E78.58 F3287.0
G1 X4.596 Y130.885 Z0.20 E78.63 F3219.9
G1 X4.243 Y129.825 Z0.20 E78.68 F3152.9
G1 X3.182 Y129.471 Z0.20 E78.72 F3085.8
G1 X2.828 Y128.411 Z0.20 E78.77 F3018.7
G1 X1.768 Y128.057 Z0.20 E78.82 F2951.6
G1 X1.414 Y126.996 Z0.20 E78.86 F2884.5
G1 X0.354 Y126.643 Z0.20 E78.91 F2817.4
G1 X0.000 Y125.582 Z0.20 E78.95 F2750.4
G1 X-1.061 Y125.229 Z0.20 E79.00 F2683.3
G1 X-1.414 Y124.168 Z0.20 E79.05 F2616.2
G1 X-2.475 Y123.814 Z0.20 E79.09 F2549.1
G1 X-2.828 Y122.754 Z0.20 E79.14 F2482.0
G1 X-3.889 Y122.400 Z0.20 E79.19 F2415.0
G1 X-4.243 Y121.340 Z0.20 E79.23 F2347.9
G1 X-5.303 Y120.986 Z0.20 E79.28 F2280.8
G1 X-5.657 Y119.925 Z0.20 E79.33 F2213.7
G1 X-6.718 Y119.572 Z0.20 E79.37 F2146.6
G1 X-7.071 Y118.511 Z0.20 E79.42 F2079.5
G1 X-8.132 Y118.158 Z0.20 E79.47 F2012.5
G1 X-8.485 Y117.097 Z0.20 E79.51 F1945.4
G1 X-9.546 Y116.743 Z0.20 E79.56 F1878.3
G1 X-9.899 Y115.683 Z0.20 E79.61 F1811.2
G1 X-10.960 Y115.329 Z0.20 E79.65 F1744.1
G1 X-11.314 Y114.268 Z0.20 E79.70 F1677.1
G1 X-12.374 Y113.915 Z0.20 E79.75 F1610.0
G1 X-12.728 Y112.854 Z0.20 E79.79 F1542.9
G1 X-13.789 Y112.501 Z0.20 E79.84 F1475.8
G1 X-14.142 Y111.440 Z0.20 E79.88 F1408.7
G1 X-15.203 Y111.086 Z0.20 E79.93 F1341.6
G1 X-15.556 Y110.026 Z0.20 E79.98 F1274.6
G1 X-16.617 Y109.672 Z0.20 E80.02 F1207.5
G1 X-16.971 Y108.612 Z0.20 E80.07 F1140.4
G1 X-18.031 Y108.258 Z0.20 E80.12 F1073.3
G1 X-18.385 Y107.197 Z0.20 E80.16 F1006.2
G1 X-19.445 Y106.844 Z0.20 E80.21 F939.1
G1 X-19.799 Y105.783 Z0.20 E80.26 F872.1
G1 X-20.860 Y105.430 Z0.20 E80.30 F805.0
G1 X-21.213 Y104.369 Z0.20 E80.35 F737.9
G1 X-22.274 Y104.015 Z0.20 E80.40 F670.8
G1 X-22.627 Y102.955 Z0.20 E80.44 F603.7
G1 X-23.688 Y102.601 Z0.20 E80.49 F536.7
G1 X-24.042 Y101.541 Z0.20 E80.54 F469.6
G1 X-25.102 Y101.187 Z0.20 E80.58 F402.5
G1 X-25.456 Y100.126 Z0.20 E80.63 F335.4
G1 X-26.517 Y99.773 Z0.20 E80.67 F268.3
G1 X-26.870 Y98.712 Z0.20 E80.72 F201.2
G1 X-27.931 Y98.359 Z0.20 E80.77 F134.2
G1 X-28.284 Y97.298 Z0.20 E80.81 F67.1
M201 X500 Y500
G0 X-31.820 Y100.833 Z0.20 E80.81 F6000.0
M593 Y D0.55
M203 X500 Y500 ; maximum feedrates
M204 P10000 ; print acceleration
M201 X10000 Y10000 ; max acceleration
M205 X500.00 Y500.00 ; jerk limits very high
M205 J0.3 ; junction deviation maximum
G1 X-31.466 Y101.894 Z0.20 E80.86 F67.1
G1 X-30.406 Y102.248 Z0.20 E80.91 F134.2
G1 X-30.052 Y103.308 Z0.20 E80.95 F201.2
G1 X-28.991 Y103.662 Z0.20 E81.00 F268.3
G1 X-28.638 Y104.723 Z0.20 E81.05 F335.4
G1 X-27.577 Y105.076 Z0.20 E81.09 F402.5
G1 X-27.224 Y106.137 Z0.20 E81.14 F469.6
G1 X-26.163 Y106.490 Z0.20 E81.19 F536.7
G1 X-25.809 Y107.551 Z0.20 E81.23 F603.7
G1 X-24.749 Y107.904 Z0.20 E81.28 F670.8
G1 X-24.395 Y108.965 Z0.20 E81.33 F737.9
G1 X-23.335 Y109.319 Z0.20 E81.37 F805.0
G1 X-22.981 Y110.379 Z0.20 E81.42 F872.1
G1 X-21.920 Y110.733 Z0.20 E81.47 F939.1
G1 X-21.567 Y111.794 Z0.20 E81.51 F1006.2
G1 X-20.506 Y112.147 Z0.20 E81.56 F1073.3
G1 X-20.153 Y113.208 Z0.20 E81.60 F1140.4
G1 X-19.092 Y113.561 Z0.20 E81.65 F1207.5
G1 X-18.738 Y114.622 Z0.20 E81.70 F1274.6
G1 X-17.678 Y114.976 Z0.20 E81.74 F1341.6
G1 X-17.324 Y116.036 Z0.20 E81.79 F1408.7
G1 X-16.263 Y116.390 Z0.20 E81.84 F1475.8
G1 X-15.910 Y117.450 Z0.20 E81.88 F1542.9
G1 X-14.849 Y117.804 Z0.20 E81.93 F1610.0
G1 X-14.496 Y118.865 Z0.20 E81.98 F1677.1
G1 X-13.435 Y119.218 Z0.20 E82.02 F1744.1
G1 X-13.081 Y120.279 Z0.20 E82.07 F1811.2
G1 X-12.021 Y120.632 Z0.20 E82.12 F1878.3
G1 X-11.667 Y121.693 Z0.20 E82.16 F1945.4
G1 X-10.607 Y122.047 Z0.20 E82.21 F2012.5
G1 X-10.253 Y123.107 Z0.20 E82.26 F2079.5
G1 X-9.192 Y123.461 Z0.20 E82.30 F2146.6
G1 X-8.839 Y124.522 Z0.20 E82.35 F2213.7
G1 X-7.778 Y124.875 Z0.20 E82.39 F2280.8
G1 X-7.425 Y125.936 Z0.20 E82.44 F2347.9
G1 X-6.364 Y126.289 Z0.20 E82.49 F2415.0
G1 X-6.010 Y127.350 Z0.20 E82.53 F2482.0
G1 X-4.950 Y127.703 Z0.20 E82.58 F2549.1
G1 X-4.596 Y128.764 Z0.20 E82.63 F2616.2
G1 X-3.536 Y129.118 Z0.20 E82.67 F2683.3
G1 X-3.182 Y130.178 Z0.20 E82.72 F2750.4
G1 X-2.121 Y130.532 Z0.20 E82.77 F2817.4
G1 X-1.768 Y131.593 Z0.20 E82.81 F2884.5
G1 X-0.707 Y131.946 Z0.20 E82.86 F2951.6
G1 X-0.354 Y133.007 Z0.20 E82.91 F3018.7
G1 X0.707 Y133.360 Z0.20 E82.95 F3085.8
G1 X1.061 Y134.421 Z0.20 E83.00 F3152.9
G1 X2.121 Y134.775 Z0.20 E83.05 F3219.9
G1 X2.475 Y135.835 Z0.20 E83.09 F3287.0
G1 X3.536 Y136.189 Z0.20 E83.14 F3354.1
G1 X3.889 Y137.249 Z0.20 E83.18 F3421.2
G1 X4.950 Y137.603 Z0.20 E83.23 F3488.3
G1 X5.303 Y138.664 Z0.20 E83.28 F3555.3
G1 X6.364 Y139.017 Z0.20 E83.32 F3622.4
G1 X6.718 Y140.078 Z0.20 E83.37 F3689.5
G1 X7.778 Y140.431 Z0.20 E83.42 F3756.6
G1 X8.132 Y141.492 Z0.20 E83.46 F3823.7
G1 X9.192 Y141.846 Z0.20 E83.51 F3890.8
G1 X9.546 Y142.906 Z0.20 E83.56 F3957.8
G1 X10.607 Y143.260 Z0.20 E83.60 F4024.9
G1 X10.960 Y144.320 Z0.20 E83.65 F4092.0
G1 X12.021 Y144.674 Z0.20 E83.70 F4159.1
G1 X12.374 Y145.735 Z0.20 E83.74 F4226.2
G1 X13.435 Y146.088 Z0.20 E83.79 F4293.3
G1 X13.789 Y147.149 Z0.20 E83.84 F4360.3
G1 X14.849 Y147.502 Z0.20 E83.88 F4427.4
G1 X15.203 Y148.563 Z0.20 E83.93 F4494.5
G1 X16.263 Y148.917 Z0.20 E83.98 F4561.6
G1 X16.617 Y149.977 Z0.20 E84.02 F4628.7
G1 X17.678 Y150.331 Z0.20 E84.07 F4695.7
G1 X18.031 Y151.392 Z0.20 E84.11 F4762.8
G1 X19.092 Y151.745 Z0.20 E84.16 F4829.9
G1 X19.445 Y152.806 Z0.20 E84.21 F4897.0
G1 X20.506 Y153.159 Z0.20 E84.25 F4964.1
G1 X20.860 Y154.220 Z0.20 E84.30 F5031.2
G1 X21.920 Y154.574 Z0.20 E84.35 F5098.2
G1 X22.274 Y155.634 Z0.20 E84.39 F5165.3
G1 X23.335 Y155.988 Z0.20 E84.44 F5232.4
G1 X23.688 Y157.048 Z0.20 E84.49 F5299.5
G1 X24.749 Y157.402 Z0.20 E84.53 F5366.6
G1 X25.102 Y158.463 Z0.20 E84.58 F5433.6
G1 X26.163 Y158.816 Z0.20 E84.63 F5500.7
G1 X26.517 Y159.877 Z0.20 E84.67 F5567.8
G1 X27.577 Y160.230 Z0.20 E84.72 F5634.9
G1 X27.931 Y161.291 Z0.20 E84.77 F5702.0
G1 X28.991 Y161.645 Z0.20 E84.81 F5769.1
G1 X29.345 Y162.705 Z0.20 E84.86 F5836.1
G1 X30.406 Y163.059 Z0.20 E84.90 F5903.2
G1 X30.759 Y164.119 Z0.20 E84.95 F5970.3
G1 X31.820 Y164.473 Z0.20 E85.00 F6037.4
G1 X32.173 Y165.534 Z0.20 E85.04 F6104.5
G1 X33.234 Y165.887 Z0.20 E85.09 F6171.5
G1 X33.588 Y166.948 Z0.20 E85.14 F6238.6
G1 X34.648 Y167.301 Z0.20 E85.18 F6305.7
G1 X35.002 Y168.362 Z0.20 E85.23 F6372.8
G1 X36.062 Y168.716 Z0.20 E85.28 F6439.9
G1 X36.416 Y169.776 Z0.20 E85.32 F6507.0
G1 X37.477 Y170.130 Z0.20 E85.37 F6574.0
G1 X37.830 Y171.191 Z0.20 E85.42 F6641.1
G1 X38.891 Y171.544 Z0.20 E85.46 F6708.2
G1 X39.244 Y172.605 Z0.20 E85.51 F6775.3
G1 X40.305 Y172.958 Z0.20 E85.56 F6842.4
G1 X40.659 Y174.019 Z0.20 E85.60 F6909.5
G1 X41.719 Y174.373 Z0.20 E85.65 F6976.5
G1 X42.073 Y175.433 Z0.20 E85.69 F7043.6
G1 X43.134 Y175.787 Z0.20 E85.74 F7110.7
G1 X43.487 Y176.847 Z0.20 E85.79 F7177.8
G1 X44.548 Y177.201 Z0.20 E85.83 F7244.9
G1 X44.901 Y178.262 Z0.20 E85.88 F7311.9
G1 X45.962 Y178.615 Z0.20 E85.93 F7379.0
G1 X46.315 Y179.676 Z0.20 E85.97 F7446.1
G1 X47.376 Y180.029 Z0.20 E86.02 F7513.2
G1 X47.730 Y181.090 Z0.20 E86.07 F7580.3
G1 X48.790 Y181.444 Z0.20 E86.11 F7647.4
G1 X49.144 Y182.504 Z0.20 E86.16 F7714.4
G1 X50.205 Y182.858 Z0.20 E86.21 F7781.5
G1 X50.558 Y183.918 Z0.20 E86.25 F7848.6
G1 X51.619 Y184.272 Z0.20 E86.30 F7915.7
G1 X51.972 Y185.333 Z0.20 E86.35 F7982.8
G1 X53.033 Y185.686 Z0.20 E86.39 F8049.8
M201 X500 Y500
G1 X63.215 Y195.869 Z0.20 E86.99

G0 X59.680 Y199.404 Z0.20 E86.99 F6000.0
M593 Y D0.60
G1 X49.497 Y189.222 Z0.20 E87.59 F8049.8
M203 X500 Y500 ; maximum feedrates
M204 P10000 ; print acceleration
M201 X10000 Y10000 ; max acceleration
M205 X500.00 Y500.00 ; jerk limits very high
M205 J0.3 ; junction deviation maximum
G1 X48.437 Y188.868 Z0.20 E87.64 F8049.8
G1 X48.083 Y187.808 Z0.20 E87.68 F7982.8
G1 X47.023 Y187.454 Z0.20 E87.73 F7915.7
G1 X46.669 Y186.393 Z0.20 E87.78 F7848.6
G1 X45.608 Y186.040 Z0.20 E87.82 F7781.5
G1 X45.255 Y184.979 Z0.20 E87.87 F7714.4
G1 X44.194 Y184.626 Z0.20 E87.91 F7647.4
G1 X43.841 Y183.565 Z0.20 E87.96 F7580.3
G1 X42.780 Y183.211 Z0.20 E88.01 F7513.2
G1 X42.426 Y182.151 Z0.20 E88.05 F7446.1
G1 X41.366 Y181.797 Z0.20 E88.10 F7379.0
G1 X41.012 Y180.736 Z0.20 E88.15 F7311.9
G1 X39.952 Y180.383 Z0.20 E88.19 F7244.9
G1 X39.598 Y179.322 Z0.20 E88.24 F7177.8
G1 X38.537 Y178.969 Z0.20 E88.29 F7110.7
G1 X38.184 Y177.908 Z0.20 E88.33 F7043.6
G1 X37.123 Y177.555 Z0.20 E88.38 F6976.5
G1 X36.770 Y176.494 Z0.20 E88.43 F6909.5
G1 X35.709 Y176.140 Z0.20 E88.47 F6842.4
G1 X35.355 Y175.080 Z0.20 E88.52 F6775.3
G1 X34.295 Y174.726 Z0.20 E88.57 F6708.2
G1 X33.941 Y173.665 Z0.20 E88.61 F6641.1
G1 X32.880 Y173.312 Z0.20 E88.66 F6574.0
G1 X32.527 Y172.251 Z0.20 E88.71 F6507.0
G1 X31.466 Y171.898 Z0.20 E88.75 F6439.9
G1 X31.113 Y170.837 Z0.20 E88.80 F6372.8
G1 X30.052 Y170.483 Z0.20 E88.84 F6305.7
G1 X29.698 Y169.423 Z0.20 E88.89 F6238.6
G1 X28.638 Y169.069 Z0.20 E88.94 F6171.5
G1 X28.284 Y168.009 Z0.20 E88.98 F6104.5
G1 X27.224 Y167.655 Z0.20 E89.03 F6037.4
G1 X26.870 Y166.594 Z0.20 E89.08 F5970.3
G1 X25.809 Y166.241 Z0.20 E89.12 F5903.2
G1 X25.456 Y165.180 Z0.20 E89.17 F5836.1
G1 X24.395 Y164.827 Z0.20 E89.22 F5769.1
G1 X24.042 Y163.766 Z0.20 E89.26 F5702.0
G1 X22.981 Y163.412 Z0.20 E89.31 F5634.9
G1 X22.627 Y162.352 Z0.20 E89.36 F5567.8
G1 X21.567 Y161.998 Z0.20 E89.40 F5500.7
G1 X21.213 Y160.938 Z0.20 E89.45 F5433.6
G1 X20.153 Y160.584 Z0.20 E89.50 F5366.6
G1 X19.799 Y159.523 Z0.20 E89.54 F5299.5
G1 X18.738 Y159.170 Z0.20 E89.59 F5232.4
G1 X18.385 Y158.109 Z0.20 E89.63 F5165.3
G1 X17.324 Y157.756 Z0.20 E89.68 F5098.2
G1 X16.971 Y156.695 Z0.20 E89.73 F5031.2
G1 X15.910 Y156.341 Z0.20 E89.77 F4964.1
G1 X15.556 Y155.281 Z0.20 E89.82 F4897.0
G1 X14.496 Y154.927 Z0.20 E89.87 F4829.9
G1 X14.142 Y153.866 Z0.20 E89.91 F4762.8
G1 X13.081 Y153.513 Z0.20 E89.96 F4695.7
G1 X12.728 Y152.452 Z0.20 E90.01 F4628.7
G1 X11.667 Y152.099 Z0.20 E90.05 F4561.6
G1 X11.314 Y151.038 Z0.20 E90.10 F4494.5
G1 X10.253 Y150.684 Z0.20 E90.15 F4427.4
G1 X9.899 Y149.624 Z0.20 E90.19 F4360.3
G1 X8.839 Y149.270 Z0.20 E90.24 F4293.3
G1 X8.485 Y148.210 Z0.20 E90.29 F4226.2
G1 X7.425 Y147.856 Z0.20 E90.33 F4159.1
G1 X7.071 Y146.795 Z0.20 E90.38 F4092.0
G1 X6.010 Y146.442 Z0.20 E90.42 F4024.9
G1 X5.657 Y145.381 Z0.20 E90.47 F3957.8
G1 X4.596 Y145.028 Z0.20 E90.52 F3890.8
G1 X4.243 Y143.967 Z0.20 E90.56 F3823.7
G1 X3.182 Y143.613 Z0.20 E90.61 F3756.6
G1 X2.828 Y142.553 Z0.20 E90.66 F3689.5
G1 X1.768 Y142.199 Z0.20 E90.70 F3622.4
G1 X1.414 Y141.139 Z0.20 E90.75 F3555.3
G1 X0.354 Y140.785 Z0.20 E90.80 F3488.3
G1 X0.000 Y139.724 Z0.20 E90.84 F3421.2
G1 X-1.061 Y139.371 Z0.20 E90.89 F3354.1
G1 X-1.414 Y138.310 Z0.20 E90.94 F3287.0
G1 X-2.475 Y137.957 Z0.20 E90.98 F3219.9
G1 X-2.828 Y136.896 Z0.20 E91.03 F3152.9
G1 X-3.889 Y136.542 Z0.20 E91.08 F3085.8
G1 X-4.243 Y135.482 Z0.20 E91.12 F3018.7
G1 X-5.303 Y135.128 Z0.20 E91.17 F2951.6
G1 X-5.657 Y134.067 Z0.20 E91.22 F2884.5
G1 X-6.718 Y133.714 Z0.20 E91.26 F2817.4
G1 X-7.071 Y132.653 Z0.20 E91.31 F2750.4
G1 X-8.132 Y132.300 Z0.20 E91.35 F2683.3
G1 X-8.485 Y131.239 Z0.20 E91.40 F2616.2
G1 X-9.546 Y130.885 Z0.20 E91.45 F2549.1
G1 X-9.899 Y129.825 Z0.20 E91.49 F2482.0
G1 X-10.960 Y129.471 Z0.20 E91.54 F2415.0
G1 X-11.314 Y128.411 Z0.20 E91.59 F2347.9
G1 X-12.374 Y128.057 Z0.20 E91.63 F2280.8
G1 X-12.728 Y126.996 Z0.20 E91.68 F2213.7
G1 X-13.789 Y126.643 Z0.20 E91.73 F2146.6
G1 X-14.142 Y125.582 Z0.20 E91.77 F2079.5
G1 X-15.203 Y125.229 Z0.20 E91.82 F2012.5
G1 X-15.556 Y124.168 Z0.20 E91.87 F1945.4
G1 X-16.617 Y123.814 Z0.20 E91.91 F1878.3
G1 X-16.971 Y122.754 Z0.20 E91.96 F1811.2
G1 X-18.031 Y122.400 Z0.20 E92.01 F1744.1
G1 X-18.385 Y121.340 Z0.20 E92.05 F1677.1
G1 X-19.445 Y120.986 Z0.20 E92.10 F1610.0
G1 X-19.799 Y119.925 Z0.20 E92.14 F1542.9
G1 X-20.860 Y119.572 Z0.20 E92.19 F1475.8
G1 X-21.213 Y118.511 Z0.20 E92.24 F1408.7
G1 X-22.274 Y118.158 Z0.20 E92.28 F1341.6
G1 X-22.627 Y117.097 Z0.20 E92.33 F1274.6
G1 X-23.688 Y116.743 Z0.20 E92.38 F1207.5
G1 X-24.042 Y115.683 Z0.20 E92.42 F1140.4
G1 X-25.102 Y115.329 Z0.20 E92.47 F1073.3
G1 X-25.456 Y114.268 Z0.20 E92.52 F1006.2
G1 X-26.517 Y113.915 Z0.20 E92.56 F939.1
G1 X-26.870 Y112.854 Z0.20 E92.61 F872.1
G1 X-27.931 Y112.501 Z0.20 E92.66 F805.0
G1 X-28.284 Y111.440 Z0.20 E92.70 F737.9
G1 X-29.345 Y111.086 Z0.20 E92.75 F670.8
G1 X-29.698 Y110.026 Z0.20 E92.80 F603.7
G1 X-30.759 Y109.672 Z0.20 E92.84 F536.7
G1 X-31.113 Y108.612 Z0.20 E92.89 F469.6
G1 X-32.173 Y108.258 Z0.20 E92.93 F402.5
G1 X-32.527 Y107.197 Z0.20 E92.98 F335.4
G1 X-33.588 Y106.844 Z0.20 E93.03 F268.3
G1 X-33.941 Y105.783 Z0.20 E93.07 F201.2
G1 X-35.002 Y105.430 Z0.20 E93.12 F134.2
G1 X-35.355 Y104.369 Z0.20 E93.17 F67.1
M201 X500 Y500
G0 X-38.891 Y107.904 Z0.20 E93.17 F6000.0
M593 Y D0.65
M203 X500 Y500 ; maximum feedrates
M204 P10000 ; print acceleration
M201 X10000 Y10000 ; max acceleration
M205 X500.00 Y500.00 ; jerk limits very high
M205 J0.3 ; junction deviation maximum
G1 X-38.537 Y108.965 Z0.20 E93.21 F67.1
G1 X-37.477 Y109.319 Z0.20 E93.26 F134.2
G1 X-37.123 Y110.379 Z0.20 E93.31 F201.2
G1 X-36.062 Y110.733 Z0.20 E93.35 F268.3
G1 X-35.709 Y111.794 Z0.20 E93.40 F335.4
G1 X-34.648 Y112.147 Z0.20 E93.45 F402.5
G1 X-34.295 Y113.208 Z0.20 E93.49 F469.6
G1 X-33.234 Y113.561 Z0.20 E93.54 F536.7
G1 X-32.880 Y114.622 Z0.20 E93.59 F603.7
G1 X-31.820 Y114.976 Z0.20 E93.63 F670.8
G1 X-31.466 Y116.036 Z0.20 E93.68 F737.9
G1 X-30.406 Y116.390 Z0.20 E93.73 F805.0
G1 X-30.052 Y117.450 Z0.20 E93.77 F872.1
G1 X-28.991 Y117.804 Z0.20 E93.82 F939.1
G1 X-28.638 Y118.865 Z0.20 E93.86 F1006.2
G1 X-27.577 Y119.218 Z0.20 E93.91 F1073.3
G1 X-27.224 Y120.279 Z0.20 E93.96 F1140.4
G1 X-26.163 Y120.632 Z0.20 E94.00 F1207.5
G1 X-25.809 Y121.693 Z0.20 E94.05 F1274.6
G1 X-24.749 Y122.047 Z0.20 E94.10 F1341.6
G1 X-24.395 Y123.107 Z0.20 E94.14 F1408.7
G1 X-23.335 Y123.461 Z0.20 E94.19 F1475.8
G1 X-22.981 Y124.522 Z0.20 E94.24 F1542.9
G1 X-21.920 Y124.875 Z0.20 E94.28 F1610.0
G1 X-21.567 Y125.936 Z0.20 E94.33 F1677.1
G1 X-20.506 Y126.289 Z0.20 E94.38 F1744.1
G1 X-20.153 Y127.350 Z0.20 E94.42 F1811.2
G1 X-19.092 Y127.703 Z0.20 E94.47 F1878.3
G1 X-18.738 Y128.764 Z0.20 E94.52 F1945.4
G1 X-17.678 Y129.118 Z0.20 E94.56 F2012.5
G1 X-17.324 Y130.178 Z0.20 E94.61 F2079.5
G1 X-16.263 Y130.532 Z0.20 E94.65 F2146.6
G1 X-15.910 Y131.593 Z0.20 E94.70 F2213.7
G1 X-14.849 Y131.946 Z0.20 E94.75 F2280.8
G1 X-14.496 Y133.007 Z0.20 E94.79 F2347.9
G1 X-13.435 Y133.360 Z0.20 E94.84 F2415.0
G1 X-13.081 Y134.421 Z0.20 E94.89 F2482.0
G1 X-12.021 Y134.775 Z0.20 E94.93 F2549.1
G1 X-11.667 Y135.835 Z0.20 E94.98 F2616.2
G1 X-10.607 Y136.189 Z0.20 E95.03 F2683.3
G1 X-10.253 Y137.249 Z0.20 E95.07 F2750.4
G1 X-9.192 Y137.603 Z0.20 E95.12 F2817.4
G1 X-8.839 Y138.664 Z0.20 E95.17 F2884.5
G1 X-7.778 Y139.017 Z0.20 E95.21 F2951.6
G1 X-7.425 Y140.078 Z0.20 E95.26 F3018.7
G1 X-6.364 Y140.431 Z0.20 E95.31 F3085.8
G1 X-6.010 Y141.492 Z0.20 E95.35 F3152.9
G1 X-4.950 Y141.846 Z0.20 E95.40 F3219.9
G1 X-4.596 Y142.906 Z0.20 E95.45 F3287.0
G1 X-3.536 Y143.260 Z0.20 E95.49 F3354.1
G1 X-3.182 Y144.320 Z0.20 E95.54 F3421.2
G1 X-2.121 Y144.674 Z0.20 E95.58 F3488.3
G1 X-1.768 Y145.735 Z0.20 E95.63 F3555.3
G1 X-0.707 Y146.088 Z0.20 E95.68 F3622.4
G1 X-0.354 Y147.149 Z0.20 E95.72 F3689.5
G1 X0.707 Y147.502 Z0.20 E95.77 F3756.6
G1 X1.061 Y148.563 Z0.20 E95.82 F3823.7
G1 X2.121 Y148.917 Z0.20 E95.86 F3890.8
G1 X2.475 Y149.977 Z0.20 E95.91 F3957.8
G1 X3.536 Y150.331 Z0.20 E95.96 F4024.9
G1 X3.889 Y151.392 Z0.20 E96.00 F4092.0
G1 X4.950 Y151.745 Z0.20 E96.05 F4159.1
G1 X5.303 Y152.806 Z0.20 E96.10 F4226.2
G1 X6.364 Y153.159 Z0.20 E96.14 F4293.3
G1 X6.718 Y154.220 Z0.20 E96.19 F4360.3
G1 X7.778 Y154.574 Z0.20 E96.24 F4427.4
G1 X8.132 Y155.634 Z0.20 E96.28 F4494.5
G1 X9.192 Y155.988 Z0.20 E96.33 F4561.6
G1 X9.546 Y157.048 Z0.20 E96.37 F4628.7
G1 X10.607 Y157.402 Z0.20 E96.42 F4695.7
G1 X10.960 Y158.463 Z0.20 E96.47 F4762.8
G1 X12.021 Y158.816 Z0.20 E96.51 F4829.9
G1 X12.374 Y159.877 Z0.20 E96.56 F4897.0
G1 X13.435 Y160.230 Z0.20 E96.61 F4964.1
G1 X13.789 Y161.291 Z0.20 E96.65 F5031.2
G1 X14.849 Y161.645 Z0.20 E96.70 F5098.2
G1 X15.203 Y162.705 Z0.20 E96.75 F5165.3
G1 X16.263 Y163.059 Z0.20 E96.79 F5232.4
G1 X16.617 Y164.119 Z0.20 E96.84 F5299.5
G1 X17.678 Y164.473 Z0.20 E96.89 F5366.6
G1 X18.031 Y165.534 Z0.20 E96.93 F5433.6
G1 X19.092 Y165.887 Z0.20 E96.98 F5500.7
G1 X19.445 Y166.948 Z0.20 E97.03 F5567.8
G1 X20.506 Y167.301 Z0.20 E97.07 F5634.9
G1 X20.860 Y168.362 Z0.20 E97.12 F5702.0
G1 X21.920 Y168.716 Z0.20 E97.16 F5769.1
G1 X22.274 Y169.776 Z0.20 E97.21 F5836.1
G1 X23.335 Y170.130 Z0.20 E97.26 F5903.2
G1 X23.688 Y171.191 Z0.20 E97.30 F5970.3
G1 X24.749 Y171.544 Z0.20 E97.35 F6037.4
G1 X25.102 Y172.605 Z0.20 E97.40 F6104.5
G1 X26.163 Y172.958 Z0.20 E97.44 F6171.5
G1 X26.517 Y174.019 Z0.20 E97.49 F6238.6
G1 X27.577 Y174.373 Z0.20 E97.54 F6305.7
G1 X27.931 Y175.433 Z0.20 E97.58 F6372.8
G1 X28.991 Y175.787 Z0.20 E97.63 F6439.9
G1 X29.345 Y176.847 Z0.20 E97.68 F6507.0
G1 X30.406 Y177.201 Z0.20 E97.72 F6574.0
G1 X30.759 Y178.262 Z0.20 E97.77 F6641.1
G1 X31.820 Y178.615 Z0.20 E97.82 F6708.2
G1 X32.173 Y179.676 Z0.20 E97.86 F6775.3
G1 X33.234 Y180.029 Z0.20 E97.91 F6842.4
G1 X33.588 Y181.090 Z0.20 E97.96 F6909.5
G1 X34.648 Y181.444 Z0.20 E98.00 F6976.5
G1 X35.002 Y182.504 Z0.20 E98.05 F7043.6
G1 X36.062 Y182.858 Z0.20 E98.09 F7110.7
G1 X36.416 Y183.918 Z0.20 E98.14 F7177.8
G1 X37.477 Y184.272 Z0.20 E98.19 F7244.9
G1 X37.830 Y185.333 Z0.20 E98.23 F7311.9
G1 X38.891 Y185.686 Z0.20 E98.28 F7379.0
G1 X39.244 Y186.747 Z0.20 E98.33 F7446.1
G1 X40.305 Y187.100 Z0.20 E98.37 F7513.2
G1 X40.659 Y188.161 Z0.20 E98.42 F7580.3
G1 X41.719 Y188.515 Z0.20 E98.47 F7647.4
G1 X42.073 Y189.575 Z0.20 E98.51 F7714.4
G1 X43.134 Y189.929 Z0.20 E98.56 F7781.5
G1 X43.487 Y190.990 Z0.20 E98.61 F7848.6
G1 X44.548 Y191.343 Z0.20 E98.65 F7915.7
G1 X44.901 Y192.404 Z0.20 E98.70 F7982.8
G1 X45.962 Y192.757 Z0.20 E98.75 F8049.8
M201 X500 Y500
G1 X56.144 Y202.940 Z0.20 E99.34

G0 X52.609 Y206.475 Z0.20 E99.34 F6000.0
M593 Y D0.70
G1 X42.426 Y196.293 Z0.20 E99.94 F8049.8
M203 X500 Y500 ; maximum feedrates
M204 P10000 ; print acceleration
M201 X10000 Y10000 ; max acceleration
M205 X500.00 Y500.00 ; jerk limits very high
M205 J0.3 ; junction deviation maximum
G1 X41.366 Y195.939 Z0.20 E99.99 F8049.8
G1 X41.012 Y194.879 Z0.20 E100.04 F7982.8
G1 X39.952 Y194.525 Z0.20 E100.08 F7915.7
G1 X39.598 Y193.464 Z0.20 E100.13 F7848.6
G1 X38.537 Y193.111 Z0.20 E100.18 F7781.5
G1 X38.184 Y192.050 Z0.20 E100.22 F7714.4
G1 X37.123 Y191.697 Z0.20 E100.27 F7647.4
G1 X36.770 Y190.636 Z0.20 E100.31 F7580.3
G1 X35.709 Y190.282 Z0.20 E100.36 F7513.2
G1 X35.355 Y189.222 Z0.20 E100.41 F7446.1
G1 X34.295 Y188.868 Z0.20 E100.45 F7379.0
G1 X33.941 Y187.808 Z0.20 E100.50 F7311.9
G1 X32.880 Y187.454 Z0.20 E100.55 F7244.9
G1 X32.527 Y186.393 Z0.20 E100.59 F7177.8
G1 X31.466 Y186.040 Z0.20 E100.64 F7110.7
G1 X31.113 Y184.979 Z0.20 E100.69 F7043.6
G1 X30.052 Y184.626 Z0.20 E100.73 F6976.5
G1 X29.698 Y183.565 Z0.20 E100.78 F6909.5
G1 X28.638 Y183.211 Z0.20 E100.83 F6842.4
G1 X28.284 Y182.151 Z0.20 E100.87 F6775.3
G1 X27.224 Y181.797 Z0.20 E100.92 F6708.2
G1 X26.870 Y180.736 Z0.20 E100.97 F6641.1
G1 X25.809 Y180.383 Z0.20 E101.01 F6574.0
G1 X25.456 Y179.322 Z0.20 E101.06 F6507.0
G1 X24.395 Y178.969 Z0.20 E101.10 F6439.9
G1 X24.042 Y177.908 Z0.20 E101.15 F6372.8
G1 X22.981 Y177.555 Z0.20 E101.20 F6305.7
G1 X22.627 Y176.494 Z0.20 E101.24 F6238.6
G1 X21.567 Y176.140 Z0.20 E101.29 F6171.5
G1 X21.213 Y175.080 Z0.20 E101.34 F6104.5
G1 X20.153 Y174.726 Z0.20 E101.38 F6037.4
G1 X19.799 Y173.665 Z0.20 E101.43 F5970.3
G1 X18.738 Y173.312 Z0.20 E101.48 F5903.2
G1 X18.385 Y172.251 Z0.20 E101.52 F5836.1
G1 X17.324 Y171.898 Z0.20 E101.57 F5769.1
G1 X16.971 Y170.837 Z0.20 E101.62 F5702.0
G1 X15.910 Y170.483 Z0.20 E101.66 F5634.9
G1 X15.556 Y169.423 Z0.20 E101.71 F5567.8
G1 X14.496 Y169.069 Z0.20 E101.76 F5500.7
G1 X14.142 Y168.009 Z0.20 E101.80 F5433.6
G1 X13.081 Y167.655 Z0.20 E101.85 F5366.6
G1 X12.728 Y166.594 Z0.20 E101.89 F5299.5
G1 X11.667 Y166.241 Z0.20 E101.94 F5232.4
G1 X11.314 Y165.180 Z0.20 E101.99 F5165.3
G1 X10.253 Y164.827 Z0.20 E102.03 F5098.2
G1 X9.899 Y163.766 Z0.20 E102.08 F5031.2
G1 X8.839 Y163.412 Z0.20 E102.13 F4964.1
G1 X8.485 Y162.352 Z0.20 E102.17 F4897.0
G1 X7.425 Y161.998 Z0.20 E102.22 F4829.9
G1 X7.071 Y160.938 Z0.20 E102.27 F4762.8
G1 X6.010 Y160.584 Z0.20 E102.31 F4695.7
G1 X5.657 Y159.523 Z0.20 E102.36 F4628.7
G1 X4.596 Y159.170 Z0.20 E102.41 F4561.6
G1 X4.243 Y158.109 Z0.20 E102.45 F4494.5
G1 X3.182 Y157.756 Z0.20 E102.50 F4427.4
G1 X2.828 Y156.695 Z0.20 E102.55 F4360.3
G1 X1.768 Y156.341 Z0.20 E102.59 F4293.3
G1 X1.414 Y155.281 Z0.20 E102.64 F4226.2
G1 X0.354 Y154.927 Z0.20 E102.69 F4159.1
G1 X0.000 Y153.866 Z0.20 E102.73 F4092.0
G1 X-1.061 Y153.513 Z0.20 E102.78 F4024.9
G1 X-1.414 Y152.452 Z0.20 E102.82 F3957.8
G1 X-2.475 Y152.099 Z0.20 E102.87 F3890.8
G1 X-2.828 Y151.038 Z0.20 E102.92 F3823.7
G1 X-3.889 Y150.684 Z0.20 E102.96 F3756.6
G1 X-4.243 Y149.624 Z0.20 E103.01 F3689.5
G1 X-5.303 Y149.270 Z0.20 E103.06 F3622.4
G1 X-5.657 Y148.210 Z0.20 E103.10 F3555.3
G1 X-6.718 Y147.856 Z0.20 E103.15 F3488.3
G1 X-7.071 Y146.795 Z0.20 E103.20 F3421.2
G1 X-8.132 Y146.442 Z0.20 E103.24 F3354.1
G1 X-8.485 Y145.381 Z0.20 E103.29 F3287.0
G1 X-9.546 Y145.028 Z0.20 E103.34 F3219.9
G1 X-9.899 Y143.967 Z0.20 E103.38 F3152.9
G1 X-10.960 Y143.613 Z0.20 E103.43 F3085.8
G1 X-11.314 Y142.553 Z0.20 E103.48 F3018.7
G1 X-12.374 Y142.199 Z0.20 E103.52 F2951.6
G1 X-12.728 Y141.139 Z0.20 E103.57 F2884.5
G1 X-13.789 Y140.785 Z0.20 E103.61 F2817.4
G1 X-14.142 Y139.724 Z0.20 E103.66 F2750.4
G1 X-15.203 Y139.371 Z0.20 E103.71 F2683.3
G1 X-15.556 Y138.310 Z0.20 E103.75 F2616.2
G1 X-16.617 Y137.957 Z0.20 E103.80 F2549.1
G1 X-16.971 Y136.896 Z0.20 E103.85 F2482.0
G1 X-18.031 Y136.542 Z0.20 E103.89 F2415.0
G1 X-18.385 Y135.482 Z0.20 E103.94 F2347.9
G1 X-19.445 Y135.128 Z0.20 E103.99 F2280.8
G1 X-19.799 Y134.067 Z0.20 E104.03 F2213.7
G1 X-20.860 Y133.714 Z0.20 E104.08 F2146.6
G1 X-21.213 Y132.653 Z0.20 E104.13 F2079.5
G1 X-22.274 Y132.300 Z0.20 E104.17 F2012.5
G1 X-22.627 Y131.239 Z0.20 E104.22 F1945.4
G1 X-23.688 Y130.885 Z0.20 E104.27 F1878.3
G1 X-24.042 Y129.825 Z0.20 E104.31 F1811.2
G1 X-25.102 Y129.471 Z0.20 E104.36 F1744.1
G1 X-25.456 Y128.411 Z0.20 E104.40 F1677.1
G1 X-26.517 Y128.057 Z0.20 E104.45 F1610.0
G1 X-26.870 Y126.996 Z0.20 E104.50 F1542.9
G1 X-27.931 Y126.643 Z0.20 E104.54 F1475.8
G1 X-28.284 Y125.582 Z0.20 E104.59 F1408.7
G1 X-29.345 Y125.229 Z0.20 E104.64 F1341.6
G1 X-29.698 Y124.168 Z0.20 E104.68 F1274.6
G1 X-30.759 Y123.814 Z0.20 E104.73 F1207.5
G1 X-31.113 Y122.754 Z0.20 E104.78 F1140.4
G1 X-32.173 Y122.400 Z0.20 E104.82 F1073.3
G1 X-32.527 Y121.340 Z0.20 E104.87 F1006.2
G1 X-33.588 Y120.986 Z0.20 E104.92 F939.1
G1 X-33.941 Y119.925 Z0.20 E104.96 F872.1
G1 X-35.002 Y119.572 Z0.20 E105.01 F805.0
G1 X-35.355 Y118.511 Z0.20 E105.06 F737.9
G1 X-36.416 Y118.158 Z0.20 E105.10 F670.8
G1 X-36.770 Y117.097 Z0.20 E105.15 F603.7
G1 X-37.830 Y116.743 Z0.20 E105.20 F536.7
G1 X-38.184 Y115.683 Z0.20 E105.24 F469.6
G1 X-39.244 Y115.329 Z0.20 E105.29 F402.5
G1 X-39.598 Y114.268 Z0.20 E105.33 F335.4
G1 X-40.659 Y113.915 Z0.20 E105.38 F268.3
G1 X-41.012 Y112.854 Z0.20 E105.43 F201.2
G1 X-42.073 Y112.501 Z0.20 E105.47 F134.2
G1 X-42.426 Y111.440 Z0.20 E105.52 F67.1
M201 X500 Y500
G0 X-45.962 Y114.976 Z0.20 E105.52 F6000.0
M593 Y D0.75
M203 X500 Y500 ; maximum feedrates
M204 P10000 ; print acceleration
M201 X10000 Y10000 ; max acceleration
M205 X500.00 Y500.00 ; jerk limits very high
M205 J0.3 ; junction deviation maximum
G1 X-45.608 Y116.036 Z0.20 E105.57 F67.1
G1 X-44.548 Y116.390 Z0.20 E105.61 F134.2
G1 X-44.194 Y117.450 Z0.20 E105.66 F201.2
G1 X-43.134 Y117.804 Z0.20 E105.71 F268.3
G1 X-42.780 Y118.865 Z0.20 E105.75 F335.4
G1 X-41.719 Y119.218 Z0.20 E105.80 F402.5
G1 X-41.366 Y120.279 Z0.20 E105.85 F469.6
G1 X-40.305 Y120.632 Z0.20 E105.89 F536.7
G1 X-39.952 Y121.693 Z0.20 E105.94 F603.7
G1 X-38.891 Y122.047 Z0.20 E105.99 F670.8
G1 X-38.537 Y123.107 Z0.20 E106.03 F737.9
G1 X-37.477 Y123.461 Z0.20 E106.08 F805.0
G1 X-37.123 Y124.522 Z0.20 E106.12 F872.1
G1 X-36.062 Y124.875 Z0.20 E106.17 F939.1
G1 X-35.709 Y125.936 Z0.20 E106.22 F1006.2
G1 X-34.648 Y126.289 Z0.20 E106.26 F1073.3
G1 X-34.295 Y127.350 Z0.20 E106.31 F1140.4
G1 X-33.234 Y127.703 Z0.20 E106.36 F1207.5
G1 X-32.880 Y128.764 Z0.20 E106.40 F1274.6
G1 X-31.820 Y129.118 Z0.20 E106.45 F1341.6
G1 X-31.466 Y130.178 Z0.20 E106.50 F1408.7
G1 X-30.406 Y130.532 Z0.20 E106.54 F1475.8
G1 X-30.052 Y131.593 Z0.20 E106.59 F1542.9
G1 X-28.991 Y131.946 Z0.20 E106.64 F1610.0
G1 X-28.638 Y133.007 Z0.20 E106.68 F1677.1
G1 X-27.577 Y133.360 Z0.20 E106.73 F1744.1
G1 X-27.224 Y134.421 Z0.20 E106.78 F1811.2
G1 X-26.163 Y134.775 Z0.20 E106.82 F1878.3
G1 X-25.809 Y135.835 Z0.20 E106.87 F1945.4
G1 X-24.749 Y136.189 Z0.20 E106.92 F2012.5
G1 X-24.395 Y137.249 Z0.20 E106.96 F2079.5
G1 X-23.335 Y137.603 Z0.20 E107.01 F2146.6
G1 X-22.981 Y138.664 Z0.20 E107.05 F2213.7
G1 X-21.920 Y139.017 Z0.20 E107.10 F2280.8
G1 X-21.567 Y140.078 Z0.20 E107.15 F2347.9
G1 X-20.506 Y140.431 Z0.20 E107.19 F2415.0
G1 X-20.153 Y141.492 Z0.20 E107.24 F2482.0
G1 X-19.092 Y141.846 Z0.20 E107.29 F2549.1
G1 X-18.738 Y142.906 Z0.20 E107.33 F2616.2
G1 X-17.678 Y143.260 Z0.20 E107.38 F2683.3
G1 X-17.324 Y144.320 Z0.20 E107.43 F2750.4
G1 X-16.263 Y144.674 Z0.20 E107.47 F2817.4
G1 X-15.910 Y145.735 Z0.20 E107.52 F2884.5
G1 X-14.849 Y146.088 Z0.20 E107.57 F2951.6
G1 X-14.496 Y147.149 Z0.20 E107.61 F3018.7
G1 X-13.435 Y147.502 Z0.20 E107.66 F3085.8
G1 X-13.081 Y148.563 Z0.20 E107.71 F3152.9
G1 X-12.021 Y148.917 Z0.20 E107.75 F3219.9
G1 X-11.667 Y149.977 Z0.20 E107.80 F3287.0
G1 X-10.607 Y150.331 Z0.20 E107.84 F3354.1
G1 X-10.253 Y151.392 Z0.20 E107.89 F3421.2
G1 X-9.192 Y151.745 Z0.20 E107.94 F3488.3
G1 X-8.839 Y152.806 Z0.20 E107.98 F3555.3
G1 X-7.778 Y153.159 Z0.20 E108.03 F3622.4
G1 X-7.425 Y154.220 Z0.20 E108.08 F3689.5
G1 X-6.364 Y154.574 Z0.20 E108.12 F3756.6
G1 X-6.010 Y155.634 Z0.20 E108.17 F3823.7
G1 X-4.950 Y155.988 Z0.20 E108.22 F3890.8
G1 X-4.596 Y157.048 Z0.20 E108.26 F3957.8
G1 X-3.536 Y157.402 Z0.20 E108.31 F4024.9
G1 X-3.182 Y158.463 Z0.20 E108.36 F4092.0
G1 X-2.121 Y158.816 Z0.20 E108.40 F4159.1
G1 X-1.768 Y159.877 Z0.20 E108.45 F4226.2
G1 X-0.707 Y160.230 Z0.20 E108.50 F4293.3
G1 X-0.354 Y161.291 Z0.20 E108.54 F4360.3
G1 X0.707 Y161.645 Z0.20 E108.59 F4427.4
G1 X1.061 Y162.705 Z0.20 E108.63 F4494.5
G1 X2.121 Y163.059 Z0.20 E108.68 F4561.6
G1 X2.475 Y164.119 Z0.20 E108.73 F4628.7
G1 X3.536 Y164.473 Z0.20 E108.77 F4695.7
G1 X3.889 Y165.534 Z0.20 E108.82 F4762.8
G1 X4.950 Y165.887 Z0.20 E108.87 F4829.9
G1 X5.303 Y166.948 Z0.20 E108.91 F4897.0
G1 X6.364 Y167.301 Z0.20 E108.96 F4964.1
G1 X6.718 Y168.362 Z0.20 E109.01 F5031.2
G1 X7.778 Y168.716 Z0.20 E109.05 F5098.2
G1 X8.132 Y169.776 Z0.20 E109.10 F5165.3
G1 X9.192 Y170.130 Z0.20 E109.15 F5232.4
G1 X9.546 Y171.191 Z0.20 E109.19 F5299.5
G1 X10.607 Y171.544 Z0.20 E109.24 F5366.6
G1 X10.960 Y172.605 Z0.20 E109.29 F5433.6
G1 X12.021 Y172.958 Z0.20 E109.33 F5500.7
G1 X12.374 Y174.019 Z0.20 E109.38 F5567.8
G1 X13.435 Y174.373 Z0.20 E109.43 F5634.9
G1 X13.789 Y175.433 Z0.20 E109.47 F5702.0
G1 X14.849 Y175.787 Z0.20 E109.52 F5769.1
G1 X15.203 Y176.847 Z0.20 E109.56 F5836.1
G1 X16.263 Y177.201 Z0.20 E109.61 F5903.2
G1 X16.617 Y178.262 Z0.20 E109.66 F5970.3
G1 X17.678 Y178.615 Z0.20 E109.70 F6037.4
G1 X18.031 Y179.676 Z0.20 E109.75 F6104.5
G1 X19.092 Y180.029 Z0.20 E109.80 F6171.5
G1 X19.445 Y181.090 Z0.20 E109.84 F6238.6
G1 X20.506 Y181.444 Z0.20 E109.89 F6305.7
G1 X20.860 Y182.504 Z0.20 E109.94 F6372.8
G1 X21.920 Y182.858 Z0.20 E109.98 F6439.9
G1 X22.274 Y183.918 Z0.20 E110.03 F6507.0
G1 X23.335 Y184.272 Z0.20 E110.08 F6574.0
G1 X23.688 Y185.333 Z0.20 E110.12 F6641.1
G1 X24.749 Y185.686 Z0.20 E110.17 F6708.2
G1 X25.102 Y186.747 Z0.20 E110.22 F6775.3
G1 X26.163 Y187.100 Z0.20 E110.26 F6842.4
G1 X26.517 Y188.161 Z0.20 E110.31 F6909.5
G1 X27.577 Y188.515 Z0.20 E110.35 F6976.5
G1 X27.931 Y189.575 Z0.20 E110.40 F7043.6
G1 X28.991 Y189.929 Z0.20 E110.45 F7110.7
G1 X29.345 Y190.990 Z0.20 E110.49 F7177.8
G1 X30.406 Y191.343 Z0.20 E110.54 F7244.9
G1 X30.759 Y192.404 Z0.20 E110.59 F7311.9
G1 X31.820 Y192.757 Z0.20 E110.63 F7379.0
G1 X32.173 Y193.818 Z0.20 E110.68 F7446.1
G1 X33.234 Y194.172 Z0.20 E110.73 F7513.2
G1 X33.588 Y195.232 Z0.20 E110.77 F7580.3
G1 X34.648 Y195.586 Z0.20 E110.82 F7647.4
G1 X35.002 Y196.646 Z0.20 E110.87 F7714.4
G1 X36.062 Y197.000 Z0.20 E110.91 F7781.5
G1 X36.416 Y198.061 Z0.20 E110.96 F7848.6
G1 X37.477 Y198.414 Z0.20 E111.01 F7915.7
G1 X37.830 Y199.475 Z0.20 E111.05 F7982.8
G1 X38.891 Y199.828 Z0.20 E111.10 F8049.8
M201 X500 Y500
G1 X49.073 Y210.011 Z0.20 E111.70

G0 X45.538 Y213.546 Z0.20 E111.70 F6000.0
M593 Y D0.80
G1 X35.355 Y203.364 Z0.20 E112.30 F8049.8
M203 X500 Y500 ; maximum feedrates
M204 P10000 ; print acceleration
M201 X10000 Y10000 ; max acceleration
M205 X500.00 Y500.00 ; jerk limits very high
M205 J0.3 ; junction deviation maximum
G1 X34.295 Y203.010 Z0.20 E112.34 F8049.8
G1 X33.941 Y201.950 Z0.20 E112.39 F7982.8
G1 X32.880 Y201.596 Z0.20 E112.44 F7915.7
G1 X32.527 Y200.535 Z0.20 E112.48 F7848.6
G1 X31.466 Y200.182 Z0.20 E112.53 F7781.5
G1 X31.113 Y199.121 Z0.20 E112.57 F7714.4
G1 X30.052 Y198.768 Z0.20 E112.62 F7647.4
G1 X29.698 Y197.707 Z0.20 E112.67 F7580.3
G1 X28.638 Y197.354 Z0.20 E112.71 F7513.2
G1 X28.284 Y196.293 Z0.20 E112.76 F7446.1
G1 X27.224 Y195.939 Z0.20 E112.81 F7379.0
G1 X26.870 Y194.879 Z0.20 E112.85 F7311.9
G1 X25.809 Y194.525 Z0.20 E112.90 F7244.9
G1 X25.456 Y193.464 Z0.20 E112.95 F7177.8
G1 X24.395 Y193.111 Z0.20 E112.99 F7110.7
G1 X24.042 Y192.050 Z0.20 E113.04 F7043.6
G1 X22.981 Y191.697 Z0.20 E113.09 F6976.5
G1 X22.627 Y190.636 Z0.20 E113.13 F6909.5
G1 X21.567 Y190.282 Z0.20 E113.18 F6842.4
G1 X21.213 Y189.222 Z0.20 E113.23 F6775.3
G1 X20.153 Y188.868 Z0.20 E113.27 F6708.2
G1 X19.799 Y187.808 Z0.20 E113.32 F6641.1
G1 X18.738 Y187.454 Z0.20 E113.36 F6574.0
G1 X18.385 Y186.393 Z0.20 E113.41 F6507.0
G1 X17.324 Y186.040 Z0.20 E113.46 F6439.9
G1 X16.971 Y184.979 Z0.20 E113.50 F6372.8
G1 X15.910 Y184.626 Z0.20 E113.55 F6305.7
G1 X15.556 Y183.565 Z0.20 E113.60 F6238.6
G1 X14.496 Y183.211 Z0.20 E113.64 F6171.5
G1 X14.142 Y182.151 Z0.20 E113.69 F6104.5
G1 X13.081 Y181.797 Z0.20 E113.74 F6037.4
G1 X12.728 Y180.736 Z0.20 E113.78 F5970.3
G1 X11.667 Y180.383 Z0.20 E113.83 F5903.2
G1 X11.314 Y179.322 Z0.20 E113.88 F5836.1
G1 X10.253 Y178.969 Z0.20 E113.92 F5769.1
G1 X9.899 Y177.908 Z0.20 E113.97 F5702.0
G1 X8.839 Y177.555 Z0.20 E114.02 F5634.9
G1 X8.485 Y176.494 Z0.20 E114.06 F5567.8
G1 X7.425 Y176.140 Z0.20 E114.11 F5500.7
G1 X7.071 Y175.080 Z0.20 E114.16 F5433.6
G1 X6.010 Y174.726 Z0.20 E114.20 F5366.6
G1 X5.657 Y173.665 Z0.20 E114.25 F5299.5
G1 X4.596 Y173.312 Z0.20 E114.29 F5232.4
G1 X4.243 Y172.251 Z0.20 E114.34 F5165.3
G1 X3.182 Y171.898 Z0.20 E114.39 F5098.2
G1 X2.828 Y170.837 Z0.20 E114.43 F5031.2
G1 X1.768 Y170.483 Z0.20 E114.48 F4964.1
G1 X1.414 Y169.423 Z0.20 E114.53 F4897.0
G1 X0.354 Y169.069 Z0.20 E114.57 F4829.9
G1 X0.000 Y168.009 Z0.20 E114.62 F4762.8
G1 X-1.061 Y167.655 Z0.20 E114.67 F4695.7
G1 X-1.414 Y166.594 Z0.20 E114.71 F4628.7
G1 X-2.475 Y166.241 Z0.20 E114.76 F4561.6
G1 X-2.828 Y165.180 Z0.20 E114.81 F4494.5
G1 X-3.889 Y164.827 Z0.20 E114.85 F4427.4
G1 X-4.243 Y163.766 Z0.20 E114.90 F4360.3
G1 X-5.303 Y163.412 Z0.20 E114.95 F4293.3
G1 X-5.657 Y162.352 Z0.20 E114.99 F4226.2
G1 X-6.718 Y161.998 Z0.20 E115.04 F4159.1
G1 X-7.071 Y160.938 Z0.20 E115.08 F4092.0
G1 X-8.132 Y160.584 Z0.20 E115.13 F4024.9
G1 X-8.485 Y159.523 Z0.20 E115.18 F3957.8
G1 X-9.546 Y159.170 Z0.20 E115.22 F3890.8
G1 X-9.899 Y158.109 Z0.20 E115.27 F3823.7
G1 X-10.960 Y157.756 Z0.20 E115.32 F3756.6
G1 X-11.314 Y156.695 Z0.20 E115.36 F3689.5
G1 X-12.374 Y156.341 Z0.20 E115.41 F3622.4
G1 X-12.728 Y155.281 Z0.20 E115.46 F3555.3
G1 X-13.789 Y154.927 Z0.20 E115.50 F3488.3
G1 X-14.142 Y153.866 Z0.20 E115.55 F3421.2
G1 X-15.203 Y153.513 Z0.20 E115.60 F3354.1
G1 X-15.556 Y152.452 Z0.20 E115.64 F3287.0
G1 X-16.617 Y152.099 Z0.20 E115.69 F3219.9
G1 X-16.971 Y151.038 Z0.20 E115.74 F3152.9
G1 X-18.031 Y150.684 Z0.20 E115.78 F3085.8
G1 X-18.385 Y149.624 Z0.20 E115.83 F3018.7
G1 X-19.445 Y149.270 Z0.20 E115.87 F2951.6
G1 X-19.799 Y148.210 Z0.20 E115.92 F2884.5
G1 X-20.860 Y147.856 Z0.20 E115.97 F2817.4
G1 X-21.213 Y146.795 Z0.20 E116.01 F2750.4
G1 X-22.274 Y146.442 Z0.20 E116.06 F2683.3
G1 X-22.627 Y145.381 Z0.20 E116.11 F2616.2
G1 X-23.688 Y145.028 Z0.20 E116.15 F2549.1
G1 X-24.042 Y143.967 Z0.20 E116.20 F2482.0
G1 X-25.102 Y143.613 Z0.20 E116.25 F2415.0
G1 X-25.456 Y142.553 Z0.20 E116.29 F2347.9
G1 X-26.517 Y142.199 Z0.20 E116.34 F2280.8
G1 X-26.870 Y141.139 Z0.20 E116.39 F2213.7
G1 X-27.931 Y140.785 Z0.20 E116.43 F2146.6
G1 X-28.284 Y139.724 Z0.20 E116.48 F2079.5
G1 X-29.345 Y139.371 Z0.20 E116.53 F2012.5
G1 X-29.698 Y138.310 Z0.20 E116.57 F1945.4
G1 X-30.759 Y137.957 Z0.20 E116.62 F1878.3
G1 X-31.113 Y136.896 Z0.20 E116.67 F1811.2
G1 X-32.173 Y136.542 Z0.20 E116.71 F1744.1
G1 X-32.527 Y135.482 Z0.20 E116.76 F1677.1
G1 X-33.588 Y135.128 Z0.20 E116.80 F1610.0
G1 X-33.941 Y134.067 Z0.20 E116.85 F1542.9
G1 X-35.002 Y133.714 Z0.20 E116.90 F1475.8
G1 X-35.355 Y132.653 Z0.20 E116.94 F1408.7
G1 X-36.416 Y132.300 Z0.20 E116.99 F1341.6
G1 X-36.770 Y131.239 Z0.20 E117.04 F1274.6
G1 X-37.830 Y130.885 Z0.20 E117.08 F1207.5
G1 X-38.184 Y129.825 Z0.20 E117.13 F1140.4
G1 X-39.244 Y129.471 Z0.20 E117.18 F1073.3
G1 X-39.598 Y128.411 Z0.20 E117.22 F1006.2
G1 X-40.659 Y128.057 Z0.20 E117.27 F939.1
G1 X-41.012 Y126.996 Z0.20 E117.32 F872.1
G1 X-42.073 Y126.643 Z0.20 E117.36 F805.0
G1 X-42.426 Y125.582 Z0.20 E117.41 F737.9
G1 X-43.487 Y125.229 Z0.20 E117.46 F670.8
G1 X-43.841 Y124.168 Z0.20 E117.50 F603.7
G1 X-44.901 Y123.814 Z0.20 E117.55 F536.7
G1 X-45.255 Y122.754 Z0.20 E117.59 F469.6
G1 X-46.315 Y122.400 Z0.20 E117.64 F402.5
G1 X-46.669 Y121.340 Z0.20 E117.69 F335.4
G1 X-47.730 Y120.986 Z0.20 E117.73 F268.3
G1 X-48.083 Y119.925 Z0.20 E117.78 F201.2
G1 X-49.144 Y119.572 Z0.20 E117.83 F134.2
G1 X-49.497 Y118.511 Z0.20 E117.87 F67.1
M201 X500 Y500
G0 X-53.033 Y122.047 Z0.20 E117.87 F6000.0
M593 Y D0.85
M203 X500 Y500 ; maximum feedrates
M204 P10000 ; print acceleration
M201 X10000 Y10000 ; max acceleration
M205 X500.00 Y500.00 ; jerk limits very high
M205 J0.3 ; junction deviation maximum
G1 X-52.679 Y123.107 Z0.20 E117.92 F67.1
G1 X-51.619 Y123.461 Z0.20 E117.97 F134.2
G1 X-51.265 Y124.522 Z0.20 E118.01 F201.2
G1 X-50.205 Y124.875 Z0.20 E118.06 F268.3
G1 X-49.851 Y125.936 Z0.20 E118.11 F335.4
G1 X-48.790 Y126.289 Z0.20 E118.15 F402.5
G1 X-48.437 Y127.350 Z0.20 E118.20 F469.6
G1 X-47.376 Y127.703 Z0.20 E118.25 F536.7
G1 X-47.023 Y128.764 Z0.20 E118.29 F603.7
G1 X-45.962 Y129.118 Z0.20 E118.34 F670.8
G1 X-45.608 Y130.178 Z0.20 E118.39 F737.9
G1 X-44.548 Y130.532 Z0.20 E118.43 F805.0
G1 X-44.194 Y131.593 Z0.20 E118.48 F872.1
G1 X-43.134 Y131.946 Z0.20 E118.52 F939.1
G1 X-42.780 Y133.007 Z0.20 E118.57 F1006.2
G1 X-41.719 Y133.360 Z0.20 E118.62 F1073.3
G1 X-41.366 Y134.421 Z0.20 E118.66 F1140.4
G1 X-40.305 Y134.775 Z0.20 E118.71 F1207.5
G1 X-39.952 Y135.835 Z0.20 E118.76 F1274.6
G1 X-38.891 Y136.189 Z0.20 E118.80 F1341.6
G1 X-38.537 Y137.249 Z0.20 E118.85 F1408.7
G1 X-37.477 Y137.603 Z0.20 E118.90 F1475.8
G1 X-37.123 Y138.664 Z0.20 E118.94 F1542.9
G1 X-36.062 Y139.017 Z0.20 E118.99 F1610.0
G1 X-35.709 Y140.078 Z0.20 E119.04 F1677.1
G1 X-34.648 Y140.431 Z0.20 E119.08 F1744.1
G1 X-34.295 Y141.492 Z0.20 E119.13 F1811.2
G1 X-33.234 Y141.846 Z0.20 E119.18 F1878.3
G1 X-32.880 Y142.906 Z0.20 E119.22 F1945.4
G1 X-31.820 Y143.260 Z0.20 E119.27 F2012.5
G1 X-31.466 Y144.320 Z0.20 E119.31 F2079.5
G1 X-30.406 Y144.674 Z0.20 E119.36 F2146.6
G1 X-30.052 Y145.735 Z0.20 E119.41 F2213.7
G1 X-28.991 Y146.088 Z0.20 E119.45 F2280.8
G1 X-28.638 Y147.149 Z0.20 E119.50 F2347.9
G1 X-27.577 Y147.502 Z0.20 E119.55 F2415.0
G1 X-27.224 Y148.563 Z0.20 E119.59 F2482.0
G1 X-26.163 Y148.917 Z0.20 E119.64 F2549.1
G1 X-25.809 Y149.977 Z0.20 E119.69 F2616.2
G1 X-24.749 Y150.331 Z0.20 E119.73 F2683.3
G1 X-24.395 Y151.392 Z0.20 E119.78 F2750.4
G1 X-23.335 Y151.745 Z0.20 E119.83 F2817.4
G1 X-22.981 Y152.806 Z0.20 E119.87 F2884.5
G1 X-21.920 Y153.159 Z0.20 E119.92 F2951.6
G1 X-21.567 Y154.220 Z0.20 E119.97 F3018.7
G1 X-20.506 Y154.574 Z0.20 E120.01 F3085.8
G1 X-20.153 Y155.634 Z0.20 E120.06 F3152.9
G1 X-19.092 Y155.988 Z0.20 E120.10 F3219.9
G1 X-18.738 Y157.048 Z0.20 E120.15 F3287.0
G1 X-17.678 Y157.402 Z0.20 E120.20 F3354.1
G1 X-17.324 Y158.463 Z0.20 E120.24 F3421.2
G1 X-16.263 Y158.816 Z0.20 E120.29 F3488.3
G1 X-15.910 Y159.877 Z0.20 E120.34 F3555.3
G1 X-14.849 Y160.230 Z0.20 E120.38 F3622.4
G1 X-14.496 Y161.291 Z0.20 E120.43 F3689.5
G1 X-13.435 Y161.645 Z0.20 E120.48 F3756.6
G1 X-13.081 Y162.705 Z0.20 E120.52 F3823.7
G1 X-12.021 Y163.059 Z0.20 E120.57 F3890.8
G1 X-11.667 Y164.119 Z0.20 E120.62 F3957.8
G1 X-10.607 Y164.473 Z0.20 E120.66 F4024.9
G1 X-10.253 Y165.534 Z0.20 E120.71 F4092.0
G1 X-9.192 Y165.887 Z0.20 E120.76 F4159.1
G1 X-8.839 Y166.948 Z0.20 E120.80 F4226.2
G1 X-7.778 Y167.301 Z0.20 E120.85 F4293.3
G1 X-7.425 Y168.362 Z0.20 E120.90 F4360.3
G1 X-6.364 Y168.716 Z0.20 E120.94 F4427.4
G1 X-6.010 Y169.776 Z0.20 E120.99 F4494.5
G1 X-4.950 Y170.130 Z0.20 E121.03 F4561.6
G1 X-4.596 Y171.191 Z0.20 E121.08 F4628.7
G1 X-3.536 Y171.544 Z0.20 E121.13 F4695.7
G1 X-3.182 Y172.605 Z0.20 E121.17 F4762.8
G1 X-2.121 Y172.958 Z0.20 E121.22 F4829.9
G1 X-1.768 Y174.019 Z0.20 E121.27 F4897.0
G1 X-0.707 Y174.373 Z0.20 E121.31 F4964.1
G1 X-0.354 Y175.433 Z0.20 E121.36 F5031.2
G1 X0.707 Y175.787 Z0.20 E121.41 F5098.2
G1 X1.061 Y176.847 Z0.20 E121.45 F5165.3
G1 X2.121 Y177.201 Z0.20 E121.50 F5232.4
G1 X2.475 Y178.262 Z0.20 E121.55 F5299.5
G1 X3.536 Y178.615 Z0.20 E121.59 F5366.6
G1 X3.889 Y179.676 Z0.20 E121.64 F5433.6
G1 X4.950 Y180.029 Z0.20 E121.69 F5500.7
G1 X5.303 Y181.090 Z0.20 E121.73 F5567.8
G1 X6.364 Y181.444 Z0.20 E121.78 F5634.9
G1 X6.718 Y182.504 Z0.20 E121.82 F5702.0
G1 X7.778 Y182.858 Z0.20 E121.87 F5769.1
G1 X8.132 Y183.918 Z0.20 E121.92 F5836.1
G1 X9.192 Y184.272 Z0.20 E121.96 F5903.2
G1 X9.546 Y185.333 Z0.20 E122.01 F5970.3
G1 X10.607 Y185.686 Z0.20 E122.06 F6037.4
G1 X10.960 Y186.747 Z0.20 E122.10 F6104.5
G1 X12.021 Y187.100 Z0.20 E122.15 F6171.5
G1 X12.374 Y188.161 Z0.20 E122.20 F6238.6
G1 X13.435 Y188.515 Z0.20 E122.24 F6305.7
G1 X13.789 Y189.575 Z0.20 E122.29 F6372.8
G1 X14.849 Y189.929 Z0.20 E122.34 F6439.9
G1 X15.203 Y190.990 Z0.20 E122.38 F6507.0
G1 X16.263 Y191.343 Z0.20 E122.43 F6574.0
G1 X16.617 Y192.404 Z0.20 E122.48 F6641.1
G1 X17.678 Y192.757 Z0.20 E122.52 F6708.2
G1 X18.031 Y193.818 Z0.20 E122.57 F6775.3
G1 X19.092 Y194.172 Z0.20 E122.61 F6842.4
G1 X19.445 Y195.232 Z0.20 E122.66 F6909.5
G1 X20.506 Y195.586 Z0.20 E122.71 F6976.5
G1 X20.860 Y196.646 Z0.20 E122.75 F7043.6
G1 X21.920 Y197.000 Z0.20 E122.80 F7110.7
G1 X22.274 Y198.061 Z0.20 E122.85 F7177.8
G1 X23.335 Y198.414 Z0.20 E122.89 F7244.9
G1 X23.688 Y199.475 Z0.20 E122.94 F7311.9
G1 X24.749 Y199.828 Z0.20 E122.99 F7379.0
G1 X25.102 Y200.889 Z0.20 E123.03 F7446.1
G1 X26.163 Y201.243 Z0.20 E123.08 F7513.2
G1 X26.517 Y202.303 Z0.20 E123.13 F7580.3
G1 X27.577 Y202.657 Z0.20 E123.17 F7647.4
G1 X27.931 Y203.717 Z0.20 E123.22 F7714.4
G1 X28.991 Y204.071 Z0.20 E123.27 F7781.5
G1 X29.345 Y205.132 Z0.20 E123.31 F7848.6
G1 X30.406 Y205.485 Z0.20 E123.36 F7915.7
G1 X30.759 Y206.546 Z0.20 E123.41 F7982.8
G1 X31.820 Y206.899 Z0.20 E123.45 F8049.8
M201 X500 Y500
G1 X42.002 Y217.082 Z0.20 E124.05

G0 X38.467 Y220.617 Z0.20 E124.05 F6000.0
M593 Y D0.90
G1 X28.284 Y210.435 Z0.20 E124.65 F8049.8
M203 X500 Y500 ; maximum feedrates
M204 P10000 ; print acceleration
M201 X10000 Y10000 ; max acceleration
M205 X500.00 Y500.00 ; jerk limits very high
M205 J0.3 ; junction deviation maximum
G1 X27.224 Y210.081 Z0.20 E124.70 F8049.8
G1 X26.870 Y209.021 Z0.20 E124.74 F7982.8
G1 X25.809 Y208.667 Z0.20 E124.79 F7915.7
G1 X25.456 Y207.607 Z0.20 E124.83 F7848.6
G1 X24.395 Y207.253 Z0.20 E124.88 F7781.5
G1 X24.042 Y206.192 Z0.20 E124.93 F7714.4
G1 X22.981 Y205.839 Z0.20 E124.97 F7647.4
G1 X22.627 Y204.778 Z0.20 E125.02 F7580.3
G1 X21.567 Y204.425 Z0.20 E125.07 F7513.2
G1 X21.213 Y203.364 Z0.20 E125.11 F7446.1
G1 X20.153 Y203.010 Z0.20 E125.16 F7379.0
G1 X19.799 Y201.950 Z0.20 E125.21 F7311.9
G1 X18.738 Y201.596 Z0.20 E125.25 F7244.9
G1 X18.385 Y200.535 Z0.20 E125.30 F7177.8
G1 X17.324 Y200.182 Z0.20 E125.35 F7110.7
G1 X16.971 Y199.121 Z0.20 E125.39 F7043.6
G1 X15.910 Y198.768 Z0.20 E125.44 F6976.5
G1 X15.556 Y197.707 Z0.20 E125.49 F6909.5
G1 X14.496 Y197.354 Z0.20 E125.53 F6842.4
G1 X14.142 Y196.293 Z0.20 E125.58 F6775.3
G1 X13.081 Y195.939 Z0.20 E125.63 F6708.2
G1 X12.728 Y194.879 Z0.20 E125.67 F6641.1
G1 X11.667 Y194.525 Z0.20 E125.72 F6574.0
G1 X11.314 Y193.464 Z0.20 E125.76 F6507.0
G1 X10.253 Y193.111 Z0.20 E125.81 F6439.9
G1 X9.899 Y192.050 Z0.20 E125.86 F6372.8
G1 X8.839 Y191.697 Z0.20 E125.90 F6305.7
G1 X8.485 Y190.636 Z0.20 E125.95 F6238.6
G1 X7.425 Y190.282 Z0.20 E126.00 F6171.5
G1 X7.071 Y189.222 Z0.20 E126.04 F6104.5
G1 X6.010 Y188.868 Z0.20 E126.09 F6037.4
G1 X5.657 Y187.808 Z0.20 E126.14 F5970.3
G1 X4.596 Y187.454 Z0.20 E126.18 F5903.2
G1 X4.243 Y186.393 Z0.20 E126.23 F5836.1
G1 X3.182 Y186.040 Z0.20 E126.28 F5769.1
G1 X2.828 Y184.979 Z0.20 E126.32 F5702.0
G1 X1.768 Y184.626 Z0.20 E126.37 F5634.9
G1 X1.414 Y183.565 Z0.20 E126.42 F5567.8
G1 X0.354 Y183.211 Z0.20 E126.46 F5500.7
G1 X0.000 Y182.151 Z0.20 E126.51 F5433.6
G1 X-1.061 Y181.797 Z0.20 E126.55 F5366.6
G1 X-1.414 Y180.736 Z0.20 E126.60 F5299.5
G1 X-2.475 Y180.383 Z0.20 E126.65 F5232.4
G1 X-2.828 Y179.322 Z0.20 E126.69 F5165.3
G1 X-3.889 Y178.969 Z0.20 E126.74 F5098.2
G1 X-4.243 Y177.908 Z0.20 E126.79 F5031.2
G1 X-5.303 Y177.555 Z0.20 E126.83 F4964.1
G1 X-5.657 Y176.494 Z0.20 E126.88 F4897.0
G1 X-6.718 Y176.140 Z0.20 E126.93 F4829.9
G1 X-7.071 Y175.080 Z0.20 E126.97 F4762.8
G1 X-8.132 Y174.726 Z0.20 E127.02 F4695.7
G1 X-8.485 Y173.665 Z0.20 E127.07 F4628.7
G1 X-9.546 Y173.312 Z0.20 E127.11 F4561.6
G1 X-9.899 Y172.251 Z0.20 E127.16 F4494.5
G1 X-10.960 Y171.898 Z0.20 E127.21 F4427.4
G1 X-11.314 Y170.837 Z0.20 E127.25 F4360.3
G1 X-12.374 Y170.483 Z0.20 E127.30 F4293.3
G1 X-12.728 Y169.423 Z0.20 E127.34 F4226.2
G1 X-13.789 Y169.069 Z0.20 E127.39 F4159.1
G1 X-14.142 Y168.009 Z0.20 E127.44 F4092.0
G1 X-15.203 Y167.655 Z0.20 E127.48 F4024.9
G1 X-15.556 Y166.594 Z0.20 E127.53 F3957.8
G1 X-16.617 Y166.241 Z0.20 E127.58 F3890.8
G1 X-16.971 Y165.180 Z0.20 E127.62 F3823.7
G1 X-18.031 Y164.827 Z0.20 E127.67 F3756.6
G1 X-18.385 Y163.766 Z0.20 E127.72 F3689.5
G1 X-19.445 Y163.412 Z0.20 E127.76 F3622.4
G1 X-19.799 Y162.352 Z0.20 E127.81 F3555.3
G1 X-20.860 Y161.998 Z0.20 E127.86 F3488.3
G1 X-21.213 Y160.938 Z0.20 E127.90 F3421.2
G1 X-22.274 Y160.584 Z0.20 E127.95 F3354.1
G1 X-22.627 Y159.523 Z0.20 E128.00 F3287.0
G1 X-23.688 Y159.170 Z0.20 E128.04 F3219.9
G1 X-24.042 Y158.109 Z0.20 E128.09 F3152.9
G1 X-25.102 Y157.756 Z0.20 E128.14 F3085.8
G1 X-25.456 Y156.695 Z0.20 E128.18 F3018.7
G1 X-26.517 Y156.341 Z0.20 E128.23 F2951.6
G1 X-26.870 Y155.281 Z0.20 E128.27 F2884.5
G1 X-27.931 Y154.927 Z0.20 E128.32 F2817.4
G1 X-28.284 Y153.866 Z0.20 E128.37 F2750.4
G1 X-29.345 Y153.513 Z0.20 E128.41 F2683.3
G1 X-29.698 Y152.452 Z0.20 E128.46 F2616.2
G1 X-30.759 Y152.099 Z0.20 E128.51 F2549.1
G1 X-31.113 Y151.038 Z0.20 E128.55 F2482.0
G1 X-32.173 Y150.684 Z0.20 E128.60 F2415.0
G1 X-32.527 Y149.624 Z0.20 E128.65 F2347.9
G1 X-33.588 Y149.270 Z0.20 E128.69 F2280.8
G1 X-33.941 Y148.210 Z0.20 E128.74 F2213.7
G1 X-35.002 Y147.856 Z0.20 E128.79 F2146.6
G1 X-35.355 Y146.795 Z0.20 E128.83 F2079.5
G1 X-36.416 Y146.442 Z0.20 E128.88 F2012.5
G1 X-36.770 Y145.381 Z0.20 E128.93 F1945.4
G1 X-37.830 Y145.028 Z0.20 E128.97 F1878.3
G1 X-38.184 Y143.967 Z0.20 E129.02 F1811.2
G1 X-39.244 Y143.613 Z0.20 E129.06 F1744.1
G1 X-39.598 Y142.553 Z0.20 E129.11 F1677.1
G1 X-40.659 Y142.199 Z0.20 E129.16 F1610.0
G1 X-41.012 Y141.139 Z0.20 E129.20 F1542.9
G1 X-42.073 Y140.785 Z0.20 E129.25 F1475.8
G1 X-42.426 Y139.724 Z0.20 E129.30 F1408.7
G1 X-43.487 Y139.371 Z0.20 E129.34 F1341.6
G1 X-43.841 Y138.310 Z0.20 E129.39 F1274.6
G1 X-44.901 Y137.957 Z0.20 E129.44 F1207.5
G1 X-45.255 Y136.896 Z0.20 E129.48 F1140.4
G1 X-46.315 Y136.542 Z0.20 E129.53 F1073.3
G1 X-46.669 Y135.482 Z0.20 E129.58 F1006.2
G1 X-47.730 Y135.128 Z0.20 E129.62 F939.1
G1 X-48.083 Y134.067 Z0.20 E129.67 F872.1
G1 X-49.144 Y133.714 Z0.20 E129.72 F805.0
G1 X-49.497 Y132.653 Z0.20 E129.76 F737.9
G1 X-50.558 Y132.300 Z0.20 E129.81 F670.8
G1 X-50.912 Y131.239 Z0.20 E129.86 F603.7
G1 X-51.972 Y130.885 Z0.20 E129.90 F536.7
G1 X-52.326 Y129.825 Z0.20 E129.95 F469.6
G1 X-53.387 Y129.471 Z0.20 E129.99 F402.5
G1 X-53.740 Y128.411 Z0.20 E130.04 F335.4
G1 X-54.801 Y128.057 Z0.20 E130.09 F268.3
G1 X-55.154 Y126.996 Z0.20 E130.13 F201.2
G1 X-56.215 Y126.643 Z0.20 E130.18 F134.2
G1 X-56.569 Y125.582 Z0.20 E130.23 F67.1
M201 X500 Y500
G0 X-60.104 Y129.118 Z0.20 E130.23 F6000.0
M593 Y D0.95
M203 X500 Y500 ; maximum feedrates
M204 P10000 ; print acceleration
M201 X10000 Y10000 ; max acceleration
M205 X500.00 Y500.00 ; jerk limits very high
M205 J0.3 ; junction deviation maximum
G1 X-59.751 Y130.178 Z0.20 E130.27 F67.1
G1 X-58.690 Y130.532 Z0.20 E130.32 F134.2
G1 X-58.336 Y131.593 Z0.20 E130.37 F201.2
G1 X-57.276 Y131.946 Z0.20 E130.41 F268.3
G1 X-56.922 Y133.007 Z0.20 E130.46 F335.4
G1 X-55.861 Y133.360 Z0.20 E130.51 F402.5
G1 X-55.508 Y134.421 Z0.20 E130.55 F469.6
G1 X-54.447 Y134.775 Z0.20 E130.60 F536.7
G1 X-54.094 Y135.835 Z0.20 E130.65 F603.7
G1 X-53.033 Y136.189 Z0.20 E130.69 F670.8
G1 X-52.679 Y137.249 Z0.20 E130.74 F737.9
G1 X-51.619 Y137.603 Z0.20 E130.78 F805.0
G1 X-51.265 Y138.664 Z0.20 E130.83 F872.1
G1 X-50.205 Y139.017 Z0.20 E130.88 F939.1
G1 X-49.851 Y140.078 Z0.20 E130.92 F1006.2
G1 X-48.790 Y140.431 Z0.20 E130.97 F1073.3
G1 X-48.437 Y141.492 Z0.20 E131.02 F1140.4
G1 X-47.376 Y141.846 Z0.20 E131.06 F1207.5
G1 X-47.023 Y142.906 Z0.20 E131.11 F1274.6
G1 X-45.962 Y143.260 Z0.20 E131.16 F1341.6
G1 X-45.608 Y144.320 Z0.20 E131.20 F1408.7
G1 X-44.548 Y144.674 Z0.20 E131.25 F1475.8
G1 X-44.194 Y145.735 Z0.20 E131.30 F1542.9
G1 X-43.134 Y146.088 Z0.20 E131.34 F1610.0
G1 X-42.780 Y147.149 Z0.20 E131.39 F1677.1
G1 X-41.719 Y147.502 Z0.20 E131.44 F1744.1
G1 X-41.366 Y148.563 Z0.20 E131.48 F1811.2
G1 X-40.305 Y148.917 Z0.20 E131.53 F1878.3
G1 X-39.952 Y149.977 Z0.20 E131.57 F1945.4
G1 X-38.891 Y150.331 Z0.20 E131.62 F2012.5
G1 X-38.537 Y151.392 Z0.20 E131.67 F2079.5
G1 X-37.477 Y151.745 Z0.20 E131.71 F2146.6
G1 X-37.123 Y152.806 Z0.20 E131.76 F2213.7
G1 X-36.062 Y153.159 Z0.20 E131.81 F2280.8
G1 X-35.709 Y154.220 Z0.20 E131.85 F2347.9
G1 X-34.648 Y154.574 Z0.20 E131.90 F2415.0
G1 X-34.295 Y155.634 Z0.20 E131.95 F2482.0
G1 X-33.234 Y155.988 Z0.20 E131.99 F2549.1
G1 X-32.880 Y157.048 Z0.20 E132.04 F2616.2
G1 X-31.820 Y157.402 Z0.20 E132.09 F2683.3
G1 X-31.466 Y158.463 Z0.20 E132.13 F2750.4
G1 X-30.406 Y158.816 Z0.20 E132.18 F2817.4
G1 X-30.052 Y159.877 Z0.20 E132.23 F2884.5
G1 X-28.991 Y160.230 Z0.20 E132.27 F2951.6
G1 X-28.638 Y161.291 Z0.20 E132.32 F3018.7
G1 X-27.577 Y161.645 Z0.20 E132.37 F3085.8
G1 X-27.224 Y162.705 Z0.20 E132.41 F3152.9
G1 X-26.163 Y163.059 Z0.20 E132.46 F3219.9
G1 X-25.809 Y164.119 Z0.20 E132.50 F3287.0
G1 X-24.749 Y164.473 Z0.20 E132.55 F3354.1
G1 X-24.395 Y165.534 Z0.20 E132.60 F3421.2
G1 X-23.335 Y165.887 Z0.20 E132.64 F3488.3
G1 X-22.981 Y166.948 Z0.20 E132.69 F3555.3
G1 X-21.920 Y167.301 Z0.20 E132.74 F3622.4
G1 X-21.567 Y168.362 Z0.20 E132.78 F3689.5
G1 X-20.506 Y168.716 Z0.20 E132.83 F3756.6
G1 X-20.153 Y169.776 Z0.20 E132.88 F3823.7
G1 X-19.092 Y170.130 Z0.20 E132.92 F3890.8
G1 X-18.738 Y171.191 Z0.20 E132.97 F3957.8
G1 X-17.678 Y171.544 Z0.20 E133.02 F4024.9
G1 X-17.324 Y172.605 Z0.20 E133.06 F4092.0
G1 X-16.263 Y172.958 Z0.20 E133.11 F4159.1
G1 X-15.910 Y174.019 Z0.20 E133.16 F4226.2
G1 X-14.849 Y174.373 Z0.20 E133.20 F4293.3
G1 X-14.496 Y175.433 Z0.20 E133.25 F4360.3
G1 X-13.435 Y175.787 Z0.20 E133.29 F4427.4
G1 X-13.081 Y176.847 Z0.20 E133.34 F4494.5
G1 X-12.021 Y177.201 Z0.20 E133.39 F4561.6
G1 X-11.667 Y178.262 Z0.20 E133.43 F4628.7
G1 X-10.607 Y178.615 Z0.20 E133.48 F4695.7
G1 X-10.253 Y179.676 Z0.20 E133.53 F4762.8
G1 X-9.192 Y180.029 Z0.20 E133.57 F4829.9
G1 X-8.839 Y181.090 Z0.20 E133.62 F4897.0
G1 X-7.778 Y181.444 Z0.20 E133.67 F4964.1
G1 X-7.425 Y182.504 Z0.20 E133.71 F5031.2
G1 X-6.364 Y182.858 Z0.20 E133.76 F5098.2
G1 X-6.010 Y183.918 Z0.20 E133.81 F5165.3
G1 X-4.950 Y184.272 Z0.20 E133.85 F5232.4
G1 X-4.596 Y185.333 Z0.20 E133.90 F5299.5
G1 X-3.536 Y185.686 Z0.20 E133.95 F5366.6
G1 X-3.182 Y186.747 Z0.20 E133.99 F5433.6
G1 X-2.121 Y187.100 Z0.20 E134.04 F5500.7
G1 X-1.768 Y188.161 Z0.20 E134.08 F5567.8
G1 X-0.707 Y188.515 Z0.20 E134.13 F5634.9
G1 X-0.354 Y189.575 Z0.20 E134.18 F5702.0
G1 X0.707 Y189.929 Z0.20 E134.22 F5769.1
G1 X1.061 Y190.990 Z0.20 E134.27 F5836.1
G1 X2.121 Y191.343 Z0.20 E134.32 F5903.2
G1 X2.475 Y192.404 Z0.20 E134.36 F5970.3
G1 X3.536 Y192.757 Z0.20 E134.41 F6037.4
G1 X3.889 Y193.818 Z0.20 E134.46 F6104.5
G1 X4.950 Y194.172 Z0.20 E134.50 F6171.5
G1 X5.303 Y195.232 Z0.20 E134.55 F6238.6
G1 X6.364 Y195.586 Z0.20 E134.60 F6305.7
G1 X6.718 Y196.646 Z0.20 E134.64 F6372.8
G1 X7.778 Y197.000 Z0.20 E134.69 F6439.9
G1 X8.132 Y198.061 Z0.20 E134.74 F6507.0
G1 X9.192 Y198.414 Z0.20 E134.78 F6574.0
G1 X9.546 Y199.475 Z0.20 E134.83 F6641.1
G1 X10.607 Y199.828 Z0.20 E134.88 F6708.2
G1 X10.960 Y200.889 Z0.20 E134.92 F6775.3
G1 X12.021 Y201.243 Z0.20 E134.97 F6842.4
G1 X12.374 Y202.303 Z0.20 E135.01 F6909.5
G1 X13.435 Y202.657 Z0.20 E135.06 F6976.5
G1 X13.789 Y203.717 Z0.20 E135.11 F7043.6
G1 X14.849 Y204.071 Z0.20 E135.15 F7110.7
G1 X15.203 Y205.132 Z0.20 E135.20 F7177.8
G1 X16.263 Y205.485 Z0.20 E135.25 F7244.9
G1 X16.617 Y206.546 Z0.20 E135.29 F7311.9
G1 X17.678 Y206.899 Z0.20 E135.34 F7379.0
G1 X18.031 Y207.960 Z0.20 E135.39 F7446.1
G1 X19.092 Y208.314 Z0.20 E135.43 F7513.2
G1 X19.445 Y209.374 Z0.20 E135.48 F7580.3
G1 X20.506 Y209.728 Z0.20 E135.53 F7647.4
G1 X20.860 Y210.789 Z0.20 E135.57 F7714.4
G1 X21.920 Y211.142 Z0.20 E135.62 F7781.5
G1 X22.274 Y212.203 Z0.20 E135.67 F7848.6
G1 X23.335 Y212.556 Z0.20 E135.71 F7915.7
G1 X23.688 Y213.617 Z0.20 E135.76 F7982.8
G1 X24.749 Y213.971 Z0.20 E135.80 F8049.8
M201 X500 Y500
G1 X34.931 Y224.153 Z0.20 E136.40

G0 X31.396 Y227.688 Z0.20 E136.40 F6000.0
M593 Y D1.00
G1 X21.213 Y217.506 Z0.20 E137.00 F8049.8
M203 X500 Y500 ; maximum feedrates
M204 P10000 ; print acceleration
M201 X10000 Y10000 ; max acceleration
M205 X500.00 Y500.00 ; jerk limits very high
M205 J0.3 ; junction deviation maximum
G1 X20.153 Y217.152 Z0.20 E137.05 F8049.8
G1 X19.799 Y216.092 Z0.20 E137.10 F7982.8
G1 X18.738 Y215.738 Z0.20 E137.14 F7915.7
G1 X18.385 Y214.678 Z0.20 E137.19 F7848.6
G1 X17.324 Y214.324 Z0.20 E137.23 F7781.5
G1 X16.971 Y213.263 Z0.20 E137.28 F7714.4
G1 X15.910 Y212.910 Z0.20 E137.33 F7647.4
G1 X15.556 Y211.849 Z0.20 E137.37 F7580.3
G1 X14.496 Y211.496 Z0.20 E137.42 F7513.2
G1 X14.142 Y210.435 Z0.20 E137.47 F7446.1
G1 X13.081 Y210.081 Z0.20 E137.51 F7379.0
G1 X12.728 Y209.021 Z0.20 E137.56 F7311.9
G1 X11.667 Y208.667 Z0.20 E137.61 F7244.9
G1 X11.314 Y207.607 Z0.20 E137.65 F7177.8
G1 X10.253 Y207.253 Z0.20 E137.70 F7110.7
G1 X9.899 Y206.192 Z0.20 E137.75 F7043.6
G1 X8.839 Y205.839 Z0.20 E137.79 F6976.5
G1 X8.485 Y204.778 Z0.20 E137.84 F6909.5
G1 X7.425 Y204.425 Z0.20 E137.89 F6842.4
G1 X7.071 Y203.364 Z0.20 E137.93 F6775.3
G1 X6.010 Y203.010 Z0.20 E137.98 F6708.2
G1 X5.657 Y201.950 Z0.20 E138.02 F6641.1
G1 X4.596 Y201.596 Z0.20 E138.07 F6574.0
G1 X4.243 Y200.535 Z0.20 E138.12 F6507.0
G1 X3.182 Y200.182 Z0.20 E138.16 F6439.9
G1 X2.828 Y199.121 Z0.20 E138.21 F6372.8
G1 X1.768 Y198.768 Z0.20 E138.26 F6305.7
G1 X1.414 Y197.707 Z0.20 E138.30 F6238.6
G1 X0.354 Y197.354 Z0.20 E138.35 F6171.5
G1 X0.000 Y196.293 Z0.20 E138.40 F6104.5
G1 X-1.061 Y195.939 Z0.20 E138.44 F6037.4
G1 X-1.414 Y194.879 Z0.20 E138.49 F5970.3
G1 X-2.475 Y194.525 Z0.20 E138.54 F5903.2
G1 X-2.828 Y193.464 Z0.20 E138.58 F5836.1
G1 X-3.889 Y193.111 Z0.20 E138.63 F5769.1
G1 X-4.243 Y192.050 Z0.20 E138.68 F5702.0
G1 X-5.303 Y191.697 Z0.20 E138.72 F5634.9
G1 X-5.657 Y190.636 Z0.20 E138.77 F5567.8
G1 X-6.718 Y190.282 Z0.20 E138.81 F5500.7
G1 X-7.071 Y189.222 Z0.20 E138.86 F5433.6
G1 X-8.132 Y188.868 Z0.20 E138.91 F5366.6
G1 X-8.485 Y187.808 Z0.20 E138.95 F5299.5
G1 X-9.546 Y187.454 Z0.20 E139.00 F5232.4
G1 X-9.899 Y186.393 Z0.20 E139.05 F5165.3
G1 X-10.960 Y186.040 Z0.20 E139.09 F5098.2
G1 X-11.314 Y184.979 Z0.20 E139.14 F5031.2
G1 X-12.374 Y184.626 Z0.20 E139.19 F4964.1
G1 X-12.728 Y183.565 Z0.20 E139.23 F4897.0
G1 X-13.789 Y183.211 Z0.20 E139.28 F4829.9
G1 X-14.142 Y182.151 Z0.20 E139.33 F4762.8
G1 X-15.203 Y181.797 Z0.20 E139.37 F4695.7
G1 X-15.556 Y180.736 Z0.20 E139.42 F4628.7
G1 X-16.617 Y180.383 Z0.20 E139.47 F4561.6
G1 X-16.971 Y179.322 Z0.20 E139.51 F4494.5
G1 X-18.031 Y178.969 Z0.20 E139.56 F4427.4
G1 X-18.385 Y177.908 Z0.20 E139.61 F4360.3
G1 X-19.445 Y177.555 Z0.20 E139.65 F4293.3
G1 X-19.799 Y176.494 Z0.20 E139.70 F4226.2
G1 X-20.860 Y176.140 Z0.20 E139.74 F4159.1
G1 X-21.213 Y175.080 Z0.20 E139.79 F4092.0
G1 X-22.274 Y174.726 Z0.20 E139.84 F4024.9
G1 X-22.627 Y173.665 Z0.20 E139.88 F3957.8
G1 X-23.688 Y173.312 Z0.20 E139.93 F3890.8
G1 X-24.042 Y172.251 Z0.20 E139.98 F3823.7
G1 X-25.102 Y171.898 Z0.20 E140.02 F3756.6
G1 X-25.456 Y170.837 Z0.20 E140.07 F3689.5
G1 X-26.517 Y170.483 Z0.20 E140.12 F3622.4
G1 X-26.870 Y169.423 Z0.20 E140.16 F3555.3
G1 X-27.931 Y169.069 Z0.20 E140.21 F3488.3
G1 X-28.284 Y168.009 Z0.20 E140.26 F3421.2
G1 X-29.345 Y167.655 Z0.20 E140.30 F3354.1
G1 X-29.698 Y166.594 Z0.20 E140.35 F3287.0
G1 X-30.759 Y166.241 Z0.20 E140.40 F3219.9
G1 X-31.113 Y165.180 Z0.20 E140.44 F3152.9
G1 X-32.173 Y164.827 Z0.20 E140.49 F3085.8
G1 X-32.527 Y163.766 Z0.20 E140.53 F3018.7
G1 X-33.588 Y163.412 Z0.20 E140.58 F2951.6
G1 X-33.941 Y162.352 Z0.20 E140.63 F2884.5
G1 X-35.002 Y161.998 Z0.20 E140.67 F2817.4
G1 X-35.355 Y160.938 Z0.20 E140.72 F2750.4
G1 X-36.416 Y160.584 Z0.20 E140.77 F2683.3
G1 X-36.770 Y159.523 Z0.20 E140.81 F2616.2
G1 X-37.830 Y159.170 Z0.20 E140.86 F2549.1
G1 X-38.184 Y158.109 Z0.20 E140.91 F2482.0
G1 X-39.244 Y157.756 Z0.20 E140.95 F2415.0
G1 X-39.598 Y156.695 Z0.20 E141.00 F2347.9
G1 X-40.659 Y156.341 Z0.20 E141.05 F2280.8
G1 X-41.012 Y155.281 Z0.20 E141.09 F2213.7
G1 X-42.073 Y154.927 Z0.20 E141.14 F2146.6
G1 X-42.426 Y153.866 Z0.20 E141.19 F2079.5
G1 X-43.487 Y153.513 Z0.20 E141.23 F2012.5
G1 X-43.841 Y152.452 Z0.20 E141.28 F1945.4
G1 X-44.901 Y152.099 Z0.20 E141.32 F1878.3
G1 X-45.255 Y151.038 Z0.20 E141.37 F1811.2
G1 X-46.315 Y150.684 Z0.20 E141.42 F1744.1
G1 X-46.669 Y149.624 Z0.20 E141.46 F1677.1
G1 X-47.730 Y149.270 Z0.20 E141.51 F1610.0
G1 X-48.083 Y148.210 Z0.20 E141.56 F1542.9
G1 X-49.144 Y147.856 Z0.20 E141.60 F1475.8
G1 X-49.497 Y146.795 Z0.20 E141.65 F1408.7
G1 X-50.558 Y146.442 Z0.20 E141.70 F1341.6
G1 X-50.912 Y145.381 Z0.20 E141.74 F1274.6
G1 X-51.972 Y145.028 Z0.20 E141.79 F1207.5
G1 X-52.326 Y143.967 Z0.20 E141.84 F1140.4
G1 X-53.387 Y143.613 Z0.20 E141.88 F1073.3
G1 X-53.740 Y142.553 Z0.20 E141.93 F1006.2
G1 X-54.801 Y142.199 Z0.20 E141.98 F939.1
G1 X-55.154 Y141.139 Z0.20 E142.02 F872.1
G1 X-56.215 Y140.785 Z0.20 E142.07 F805.0
G1 X-56.569 Y139.724 Z0.20 E142.12 F737.9
G1 X-57.629 Y139.371 Z0.20 E142.16 F670.8
G1 X-57.983 Y138.310 Z0.20 E142.21 F603.7
G1 X-59.043 Y137.957 Z0.20 E142.25 F536.7
G1 X-59.397 Y136.896 Z0.20 E142.30 F469.6
G1 X-60.458 Y136.542 Z0.20 E142.35 F402.5
G1 X-60.811 Y135.482 Z0.20 E142.39 F335.4
G1 X-61.872 Y135.128 Z0.20 E142.44 F268.3
G1 X-62.225 Y134.067 Z0.20 E142.49 F201.2
G1 X-63.286 Y133.714 Z0.20 E142.53 F134.2
G1 X-63.640 Y132.653 Z0.20 E142.58 F67.1
M201 X500 Y500
G0 X-67.175 Y136.189 Z0.20 E142.58 F6000.0
; retract
G1 E135.58
; -------------------------------------------
; FINISH
;
M107 ; Turn off fan
M400 ; Finish moving
M104 S0 ; Turn off hotend
M140 S0 ; Turn off bed
G1 X-162.635 Y162.635 Z30 F6000 ; Move away from the print
M84 ; Disable motors
G92 E0 ; Reset extruder distance
M501 ; Load settings from EEPROM
